Time,Date,Sender_account,Receiver_account,Amount,Payment_currency,Received_currency,Sender_bank_location,Receiver_bank_location,Payment_type
10:35:19,5/7/2026,8724731955,2769355426,1459.15,UK pounds,UK pounds,UK,UK,Cash Deposit
10:35:20,5/7/2026,1491989064,8401255335,6019.64,UK pounds,Dirham,UK,UAE,Cross-border
10:35:20,5/7/2026,287305149,4404767002,14328.44,UK pounds,UK pounds,UK,UK,Cheque
10:35:21,5/7/2026,5376652437,9600420260,11895,UK pounds,UK pounds,UK,UK,ACH
10:35:21,5/7/2026,9614186178,3803336972,115.25,UK pounds,UK pounds,UK,UK,Cash Deposit
10:35:21,5/7/2026,8974559268,3143547511,5130.99,UK pounds,UK pounds,UK,UK,ACH
10:35:23,5/7/2026,980191499,8577635959,12176.52,UK pounds,UK pounds,UK,UK,ACH
10:35:23,5/7/2026,8057793308,9350896213,56.9,UK pounds,UK pounds,UK,UK,Credit card
10:35:26,5/7/2026,6116657264,656192169,4738.45,UK pounds,UK pounds,UK,UK,Cheque
10:35:29,5/7/2026,7421451752,2755709071,5883.87,Indian rupee,UK pounds,UK,UK,Credit card
10:35:31,5/7/2026,5119661534,9734073275,2342.31,UK pounds,UK pounds,UK,UK,Debit card
10:35:34,5/7/2026,5606024775,8646193759,1239.61,UK pounds,UK pounds,UK,UK,Cash Deposit
10:35:34,5/7/2026,1405792399,5109623450,16555.31,UK pounds,Pakistani rupee,UK,UK,Credit card
10:35:37,5/7/2026,2188890133,3938416782,15459.46,UK pounds,UK pounds,UK,UK,Cheque
10:35:37,5/7/2026,6715177555,4460925916,586.28,UK pounds,UK pounds,UK,UK,Cheque
10:35:37,5/7/2026,7017008854,3714297114,1971.15,UK pounds,Euro,UK,Spain,Cross-border
10:35:38,5/7/2026,2047410771,6646502650,8110.72,UK pounds,Euro,UK,France,Cross-border
10:35:41,5/7/2026,1470504995,3347268325,1190.3,UK pounds,UK pounds,UK,UK,Credit card
10:35:43,5/7/2026,4473647189,7892884492,11957.87,UK pounds,US dollar,UK,USA,Cross-border
10:35:44,5/7/2026,8184612956,5628674969,10529.75,UK pounds,UK pounds,UK,UK,Credit card
10:35:46,5/7/2026,3709430533,9172843471,5274.76,UK pounds,UK pounds,UK,UK,Debit card
10:35:50,5/7/2026,8331196922,7390946087,774.18,UK pounds,UK pounds,UK,UK,ACH
10:35:53,5/7/2026,7311441430,4362242478,8364.55,UK pounds,UK pounds,UK,UK,ACH
10:35:54,5/7/2026,9139420948,4473064900,1877.56,UK pounds,UK pounds,UK,UK,Credit card
10:35:55,5/7/2026,6846270694,855729452,3166.12,UK pounds,UK pounds,UK,UK,Debit card
10:36:00,5/7/2026,374414130,3220735304,10463.94,UK pounds,UK pounds,UK,UK,Credit card
10:36:01,5/7/2026,9239631224,3274570726,13230.72,UK pounds,UK pounds,UK,UK,ACH
10:36:04,5/7/2026,2004133484,3079818547,8095.66,UK pounds,UK pounds,UK,UK,Credit card
10:36:04,5/7/2026,8723924487,8381540882,3839.09,UK pounds,UK pounds,UK,UK,ACH
10:36:04,5/7/2026,6533102627,9092261147,4731.86,UK pounds,UK pounds,UK,UK,Cash Deposit
10:36:05,5/7/2026,1203252958,8500212178,2438.3,UK pounds,Mexican Peso,UK,Mexico,Cross-border
10:36:07,5/7/2026,4021161031,979819164,3293.28,UK pounds,UK pounds,UK,UK,Credit card
10:36:08,5/7/2026,5126390175,8518184956,5828.8,UK pounds,UK pounds,UK,UK,ACH
10:36:09,5/7/2026,1074336451,855832934,2299.29,UK pounds,UK pounds,UK,UK,ACH
10:36:13,5/7/2026,8389148416,721717864,16974.63,UK pounds,UK pounds,UK,UK,Credit card
10:36:14,5/7/2026,3510078932,9418077278,9766.13,UK pounds,UK pounds,UK,UK,ACH
10:36:15,5/7/2026,8204380961,4816555386,3615.93,UK pounds,UK pounds,UK,UK,Cheque
10:36:18,5/7/2026,936440682,4336977506,7405.41,UK pounds,UK pounds,UK,UK,Credit card
10:36:23,5/7/2026,8410434333,8518184956,10960.64,UK pounds,UK pounds,UK,UK,Debit card
10:36:31,5/7/2026,4082552798,4173195094,11974.68,UK pounds,UK pounds,UK,UK,Cheque
10:36:34,5/7/2026,7669236826,6044424887,8560.28,UK pounds,UK pounds,UK,UK,ACH
10:36:35,5/7/2026,1008340236,339701644,2868.46,UK pounds,Indian rupee,UK,UK,Credit card
10:36:36,5/7/2026,1445991735,8941775586,33322.12,UK pounds,UK pounds,UK,UK,Cheque
10:36:37,5/7/2026,757928908,6083019593,1626.05,UK pounds,UK pounds,UK,UK,Credit card
10:36:45,5/7/2026,109525315,8518184956,38707.49,UK pounds,UK pounds,UK,UK,Credit card
10:36:48,5/7/2026,3696248769,3364557136,327.9,UK pounds,UK pounds,UK,UK,Credit card
10:36:55,5/7/2026,5982914936,7950918410,10131.3,UK pounds,UK pounds,UK,UK,ACH
10:36:57,5/7/2026,7541983570,3613886607,2100.74,UK pounds,UK pounds,UK,UK,ACH
10:36:59,5/7/2026,6517611333,7936590626,10623.2,UK pounds,UK pounds,UK,UK,Credit card
10:37:05,5/7/2026,5896510161,1377603863,7603.2,UK pounds,UK pounds,UK,UK,Cheque
10:37:07,5/7/2026,7012967496,6855935396,5468.75,UK pounds,UK pounds,UK,UK,Credit card
10:37:08,5/7/2026,8952177221,6424463145,12682.06,UK pounds,UK pounds,UK,UK,Debit card
10:37:10,5/7/2026,3452368468,3828135271,5594.78,UK pounds,UK pounds,UK,UK,Debit card
10:37:15,5/7/2026,9119143782,1576773608,4568.89,UK pounds,UK pounds,UK,UK,Cash Deposit
10:37:15,5/7/2026,35328673,1794595555,652.29,UK pounds,UK pounds,UK,UK,Debit card
10:37:18,5/7/2026,3050015080,3706844167,153.8,UK pounds,UK pounds,UK,UK,Cash Withdrawal
10:37:19,5/7/2026,8365941229,6444220418,8350.59,UK pounds,UK pounds,UK,UK,ACH
10:37:19,5/7/2026,6979398786,8494600637,4911.78,UK pounds,UK pounds,UK,UK,Credit card
10:37:21,5/7/2026,1877205049,2016944900,4249.69,UK pounds,UK pounds,UK,UK,Cash Deposit
10:37:23,5/7/2026,2206902878,5109623450,9831.65,UK pounds,UK pounds,UK,UK,Debit card
10:37:27,5/7/2026,512171500,8669661419,614.89,UK pounds,UK pounds,UK,UK,Debit card
10:37:29,5/7/2026,2797271466,5914713322,10918.76,UK pounds,UK pounds,UK,UK,Debit card
10:37:30,5/7/2026,3967122805,1493436023,5300.52,UK pounds,UK pounds,UK,UK,Cheque
10:37:35,5/7/2026,8456279067,4358275767,13106.42,UK pounds,UK pounds,UK,UK,ACH
10:37:41,5/7/2026,7189128119,4344504728,17651.63,UK pounds,UK pounds,UK,UK,Credit card
10:37:42,5/7/2026,1294695860,5951743151,5795.55,UK pounds,UK pounds,UK,UK,Credit card
10:37:45,5/7/2026,8695107817,2532987287,1334.75,UK pounds,UK pounds,UK,UK,Credit card
10:37:49,5/7/2026,6949764034,1612314007,14303.33,UK pounds,UK pounds,UK,UK,Credit card
10:37:50,5/7/2026,3510078932,8722924810,8067.61,UK pounds,Albanian lek,UK,Albania,Cross-border
10:37:56,5/7/2026,7758268667,4389103342,9354.87,UK pounds,UK pounds,UK,UK,Debit card
10:38:01,5/7/2026,4036316426,7643602388,7377.8,UK pounds,UK pounds,UK,UK,ACH
10:38:02,5/7/2026,6431038386,4336977506,12831.3,UK pounds,UK pounds,UK,UK,Cheque
10:38:02,5/7/2026,4339554565,6061705491,1360.82,UK pounds,UK pounds,UK,UK,Credit card
10:38:04,5/7/2026,1710329832,8172080174,5308.47,UK pounds,UK pounds,UK,UK,Credit card
10:38:07,5/7/2026,7402947955,1462289205,5536.81,UK pounds,UK pounds,UK,UK,ACH
10:38:07,5/7/2026,2939856893,2633911782,2563.16,UK pounds,UK pounds,UK,UK,ACH
10:38:09,5/7/2026,7758268667,9940921949,9099.99,UK pounds,UK pounds,UK,UK,Credit card
10:38:13,5/7/2026,2797271466,4528663768,7369.79,UK pounds,UK pounds,UK,UK,Credit card
10:38:16,5/7/2026,3168051873,999810092,11367.9,UK pounds,UK pounds,UK,UK,ACH
10:38:19,5/7/2026,4712930207,1493436023,13408.68,UK pounds,UK pounds,UK,UK,Cheque
10:38:20,5/7/2026,8188003704,6983898031,20662.11,UK pounds,UK pounds,UK,UK,Debit card
10:38:24,5/7/2026,6375216043,3466136919,333.17,UK pounds,UK pounds,UK,UK,Cheque
10:38:25,5/7/2026,3139337800,8817936053,3223.47,UK pounds,UK pounds,UK,UK,ACH
10:38:28,5/7/2026,3137540462,5061861850,734.2,UK pounds,UK pounds,UK,UK,Cash Deposit
10:38:29,5/7/2026,5021785800,737679962,4542.44,UK pounds,UK pounds,UK,UK,Cheque
10:38:31,5/7/2026,1429354049,4702471426,284.79,UK pounds,UK pounds,UK,UK,ACH
10:38:31,5/7/2026,3486760473,8468601858,1485.01,UK pounds,UK pounds,UK,UK,Credit card
10:38:31,5/7/2026,5811321937,2032222230,241.18,UK pounds,UK pounds,UK,UK,ACH
10:38:31,5/7/2026,1074859180,5363117119,17413.99,UK pounds,UK pounds,UK,UK,ACH
10:38:31,5/7/2026,6904668523,9408376441,7883.3,UK pounds,UK pounds,UK,UK,Credit card
10:38:36,5/7/2026,2422360624,1908962398,2407.26,UK pounds,UK pounds,UK,UK,Cheque
10:38:41,5/7/2026,2056215656,4183747352,2567.43,UK pounds,UK pounds,UK,UK,Debit card
10:38:46,5/7/2026,3345407297,2189418125,7901.92,UK pounds,UK pounds,UK,UK,Cheque
10:38:46,5/7/2026,4150879707,409707192,10663.14,UK pounds,UK pounds,UK,UK,Cheque
10:38:47,5/7/2026,9746384104,6333926499,13185.36,UK pounds,UK pounds,UK,UK,Credit card
10:38:50,5/7/2026,6516739348,3787011727,8985.37,UK pounds,UK pounds,UK,UK,Credit card
10:38:53,5/7/2026,4808614002,7669085919,1740.32,UK pounds,UK pounds,UK,UK,Credit card
10:38:58,5/7/2026,1769527701,4308380343,441.4,UK pounds,UK pounds,UK,UK,Credit card
10:38:58,5/7/2026,2434664247,6807695942,204.92,UK pounds,UK pounds,UK,UK,Credit card
10:39:00,5/7/2026,3605396496,3253303398,920.78,UK pounds,UK pounds,UK,UK,Debit card
10:39:01,5/7/2026,9093411280,6233217293,1511.01,UK pounds,UK pounds,UK,UK,Debit card
10:39:02,5/7/2026,7978501298,1518359693,4907.9,UK pounds,UK pounds,UK,UK,Credit card
10:39:02,5/7/2026,7207395469,1316458123,7592.37,UK pounds,Mexican Peso,UK,Mexico,Cross-border
10:39:07,5/7/2026,8411678470,3737860098,195.15,UK pounds,UK pounds,UK,UK,Cash Withdrawal
10:39:07,5/7/2026,5531320907,1874873588,1124.83,UK pounds,UK pounds,UK,UK,Debit card
10:39:10,5/7/2026,715130861,22101185,87.71,UK pounds,UK pounds,UK,UK,Cash Withdrawal
10:39:12,5/7/2026,8820389620,4336977506,7372.69,UK pounds,UK pounds,UK,UK,ACH
10:39:12,5/7/2026,4773187916,9676051307,2861.28,UK pounds,UK pounds,UK,UK,Credit card
10:39:16,5/7/2026,9200802467,1377603863,5407.95,UK pounds,UK pounds,UK,UK,Debit card
10:39:25,5/7/2026,3582202830,7930477918,4421.11,UK pounds,UK pounds,UK,UK,Debit card
10:39:26,5/7/2026,5704632509,1800634135,866.17,UK pounds,UK pounds,UK,UK,Cash Deposit
10:39:26,5/7/2026,4834399445,426367626,1317.54,UK pounds,UK pounds,UK,UK,Credit card
10:39:27,5/7/2026,7132630507,6793730660,498.11,UK pounds,UK pounds,UK,UK,Debit card
10:39:33,5/7/2026,9734083970,9232891126,7167.41,UK pounds,UK pounds,UK,UK,Credit card
10:39:35,5/7/2026,2283755888,6034997194,6508.48,UK pounds,UK pounds,UK,UK,ACH
10:39:37,5/7/2026,7166671719,4145866625,7202.85,UK pounds,UK pounds,UK,UK,ACH
10:39:40,5/7/2026,6577066451,4143157809,5452.16,UK pounds,UK pounds,UK,UK,ACH
10:39:40,5/7/2026,7758268667,301740914,8905.98,UK pounds,UK pounds,UK,UK,Credit card
10:39:48,5/7/2026,9334364016,7892884492,5230.59,UK pounds,US dollar,UK,USA,Cross-border
10:39:48,5/7/2026,5935592628,1224735825,3471.41,UK pounds,UK pounds,UK,UK,Cash Deposit
10:39:50,5/7/2026,5931838828,8407065812,16594.14,UK pounds,Turkish lira,UK,Turkey,Cross-border
10:39:53,5/7/2026,6488884693,4471666696,20181.46,UK pounds,UK pounds,UK,UK,ACH
10:39:59,5/7/2026,283212952,5103043844,9071.89,UK pounds,Naira,UK,Nigeria,Cross-border
10:39:59,5/7/2026,5102544036,5109623450,6903.24,UK pounds,UK pounds,UK,UK,Cheque
10:40:01,5/7/2026,6539698859,9999156867,492.45,UK pounds,UK pounds,UK,UK,Cash Deposit
10:40:02,5/7/2026,3033453299,5858369125,20756.93,UK pounds,UK pounds,UK,UK,ACH
10:40:04,5/7/2026,3991935033,6916537719,2329.58,UK pounds,UK pounds,UK,UK,Credit card
10:40:05,5/7/2026,2740260267,674433873,2747.96,UK pounds,UK pounds,UK,UK,Cash Deposit
10:40:08,5/7/2026,7501327339,9329185542,29600.19,UK pounds,UK pounds,UK,UK,Credit card
10:40:10,5/7/2026,6116657264,7541529999,5736.78,UK pounds,UK pounds,UK,UK,ACH
10:40:10,5/7/2026,6904668523,9408376441,8096.81,UK pounds,UK pounds,UK,UK,Debit card
10:40:11,5/7/2026,5648718332,6444220418,11277.45,UK pounds,UK pounds,UK,UK,ACH
10:40:13,5/7/2026,3756980894,3144680752,1174.69,UK pounds,UK pounds,UK,UK,Cheque
10:40:13,5/7/2026,1817675963,6646502650,14554.35,UK pounds,Euro,UK,France,Cross-border
10:40:13,5/7/2026,8955442183,5858369125,5971.82,UK pounds,UK pounds,UK,UK,Debit card
10:40:15,5/7/2026,749315581,8673917867,8592.81,UK pounds,UK pounds,UK,UK,Credit card
10:40:17,5/7/2026,4755772092,7092971860,5130.2,UK pounds,UK pounds,UK,UK,Cheque
10:40:19,5/7/2026,3811561430,4336977506,7895.67,UK pounds,UK pounds,UK,UK,Debit card
10:40:20,5/7/2026,7470940363,8095203071,24267.62,UK pounds,UK pounds,UK,UK,ACH
10:40:20,5/7/2026,1054167985,324741137,9684.43,UK pounds,UK pounds,UK,UK,Credit card
10:40:22,5/7/2026,2865517114,9180546856,127.23,UK pounds,UK pounds,UK,UK,Cash Withdrawal
10:40:24,5/7/2026,691501298,3866748777,153.54,UK pounds,UK pounds,UK,UK,Cash Withdrawal
10:40:24,5/7/2026,2797271466,1856317214,6052.95,UK pounds,Mexican Peso,UK,UK,ACH
10:40:25,5/7/2026,9986667984,8984696396,3327.21,UK pounds,UK pounds,UK,UK,Credit card
10:40:26,5/7/2026,3776976361,8774487578,6713.21,UK pounds,UK pounds,UK,UK,Debit card
10:40:26,5/7/2026,8854146908,9600420260,5100.69,UK pounds,UK pounds,UK,UK,Credit card
10:40:26,5/7/2026,3711169500,8115468745,5308.98,UK pounds,UK pounds,UK,UK,Debit card
10:40:31,5/7/2026,6626359609,9024705045,547.39,UK pounds,UK pounds,UK,UK,ACH
10:40:32,5/7/2026,8770181801,8926941188,1818.3,UK pounds,UK pounds,UK,UK,Cheque
10:40:34,5/7/2026,5345734817,4270865741,7081.8,UK pounds,UK pounds,UK,UK,Cheque
10:40:35,5/7/2026,3373148945,6034997194,21465.47,UK pounds,UK pounds,UK,UK,ACH
10:40:36,5/7/2026,8952177221,4447848214,8024.41,UK pounds,UK pounds,UK,UK,ACH
10:40:38,5/7/2026,6997024826,5279552599,2970.67,UK pounds,UK pounds,UK,UK,ACH
10:40:42,5/7/2026,9402994493,3112794089,7748.63,UK pounds,UK pounds,UK,UK,ACH
10:40:46,5/7/2026,5874369285,4203316413,22445.59,Albanian lek,UK pounds,UK,UK,ACH
10:40:48,5/7/2026,2644081947,5274970619,2010.34,UK pounds,UK pounds,UK,UK,Debit card
10:40:48,5/7/2026,5435316010,3362765079,3385.16,UK pounds,UK pounds,UK,UK,ACH
10:40:49,5/7/2026,6057444675,8237840407,7653.44,UK pounds,UK pounds,UK,UK,Credit card
10:40:49,5/7/2026,6541552727,2284368563,8978.63,UK pounds,UK pounds,UK,UK,Credit card
10:40:54,5/7/2026,9125487514,9309476509,810.62,UK pounds,UK pounds,UK,UK,ACH
10:40:56,5/7/2026,7032135509,6698865290,1224.27,UK pounds,UK pounds,UK,UK,ACH
10:40:57,5/7/2026,4431474237,8881785263,1448.33,UK pounds,UK pounds,UK,UK,Cash Deposit
10:40:58,5/7/2026,3238526156,1465487567,21163.2,UK pounds,UK pounds,UK,UK,Credit card
10:41:00,5/7/2026,9746384104,389486199,7049.42,UK pounds,UK pounds,UK,UK,Debit card
10:41:00,5/7/2026,6970509335,5828577622,1447.11,UK pounds,UK pounds,UK,UK,Debit card
10:41:03,5/7/2026,1805171806,1465487567,5931.99,UK pounds,UK pounds,UK,UK,Credit card
10:41:03,5/7/2026,1382513766,6444220418,8515.25,UK pounds,UK pounds,UK,UK,Credit card
10:41:03,5/7/2026,6541552727,5240847125,6193.99,UK pounds,UK pounds,UK,UK,ACH
10:41:04,5/7/2026,3742406978,2329119204,10689.25,UK pounds,UK pounds,UK,UK,Debit card
10:41:04,5/7/2026,2797271466,4525312913,12942.48,UK pounds,UK pounds,UK,UK,ACH
10:41:06,5/7/2026,4390278719,8172080174,25562.2,UK pounds,UK pounds,UK,UK,ACH
10:41:15,5/7/2026,5740702951,4228245786,12049.23,UK pounds,UK pounds,UK,UK,Credit card
10:41:16,5/7/2026,6904668523,1140410616,5021.1,UK pounds,UK pounds,UK,UK,Cheque
10:41:17,5/7/2026,1378784400,6533060638,5110.2,UK pounds,UK pounds,UK,UK,Debit card
10:41:19,5/7/2026,4090925094,3516473411,17372.61,UK pounds,UK pounds,UK,UK,Credit card
10:41:19,5/7/2026,2365007895,835293711,4702.76,UK pounds,UK pounds,UK,UK,ACH
10:41:20,5/7/2026,1730350525,4336977506,7193.69,UK pounds,UK pounds,UK,UK,ACH
10:41:21,5/7/2026,9734083970,4117514495,4863.13,UK pounds,UK pounds,UK,UK,Cheque
10:41:23,5/7/2026,2199795388,1377603863,9485.6,UK pounds,UK pounds,UK,UK,Credit card
10:41:24,5/7/2026,3396853729,4293580479,25963.39,UK pounds,UK pounds,UK,UK,Debit card
10:41:24,5/7/2026,9649321106,5109623450,7886.78,UK pounds,UK pounds,UK,UK,Credit card
10:41:26,5/7/2026,5188677620,8172080174,7839.89,UK pounds,UK pounds,UK,UK,Cheque
10:41:31,5/7/2026,3243896688,333166301,2647.06,UK pounds,UK pounds,UK,UK,Credit card
10:41:31,5/7/2026,9390718271,5933990094,99.16,UK pounds,Swiss franc,UK,Switzerland,Cross-border
10:41:31,5/7/2026,3808941319,6283707826,1400.65,UK pounds,UK pounds,UK,UK,Cash Deposit
10:41:33,5/7/2026,8372035568,4270865741,5826.8,UK pounds,UK pounds,UK,UK,Credit card
10:41:36,5/7/2026,4438681315,882959224,1401.84,UK pounds,UK pounds,UK,UK,Cheque
10:41:37,5/7/2026,9432190883,747469164,557.13,UK pounds,UK pounds,UK,UK,ACH
10:41:40,5/7/2026,7998453354,9600841582,836.76,UK pounds,UK pounds,UK,UK,Credit card
10:41:41,5/7/2026,7258656047,1377603863,10264.62,UK pounds,UK pounds,UK,UK,Debit card
10:41:41,5/7/2026,2365007895,2127570174,11742.77,UK pounds,UK pounds,UK,UK,Cheque
10:41:42,5/7/2026,6592322340,2115081579,2702.26,Swiss franc,UK pounds,UK,UK,Debit card
10:41:43,5/7/2026,9239631224,9700169638,6386.85,UK pounds,UK pounds,UK,UK,Credit card
10:41:45,5/7/2026,4874746643,1869412992,4387.99,UK pounds,UK pounds,UK,UK,Credit card
10:41:48,5/7/2026,3712660061,2534644942,23161.44,UK pounds,Euro,UK,France,Cross-border
10:41:50,5/7/2026,7877782689,1726009446,6614.91,UK pounds,UK pounds,UK,UK,ACH
10:41:53,5/7/2026,1491989064,9460624653,12782.41,UK pounds,Euro,UK,Spain,Cross-border
10:41:55,5/7/2026,6596655355,5542800888,444.73,UK pounds,Euro,UK,Italy,Cross-border
10:41:58,5/7/2026,5404023576,3036452508,582.28,UK pounds,UK pounds,UK,UK,ACH
10:42:00,5/7/2026,9098323112,2121295948,18284.95,UK pounds,UK pounds,UK,UK,Cheque
10:42:01,5/7/2026,4358383639,6953672776,7696.15,UK pounds,Mexican Peso,UK,Mexico,Cross-border
10:42:03,5/7/2026,4548607254,1060451637,1209.21,UK pounds,UK pounds,UK,UK,Cheque
10:42:04,5/7/2026,7330940854,1320927231,4625.74,UK pounds,UK pounds,UK,UK,Debit card
10:42:06,5/7/2026,6904668523,2361327503,7526.19,UK pounds,UK pounds,UK,UK,Credit card
10:42:08,5/7/2026,1491989064,2482957386,26553.78,Pakistani rupee,UK pounds,UK,UK,Credit card
10:42:08,5/7/2026,128336607,6953672776,9544.33,UK pounds,Mexican Peso,UK,Mexico,Cross-border
10:42:10,5/7/2026,2466056232,8352571580,14689.65,UK pounds,UK pounds,UK,UK,Cheque
10:42:13,5/7/2026,4988967549,6715341584,732.68,Albanian lek,Albanian lek,Albania,Albania,Debit card
10:42:14,5/7/2026,1319704443,6839247924,536.23,UK pounds,UK pounds,UK,UK,ACH
10:42:14,5/7/2026,5982914936,1509557999,15793.52,UK pounds,UK pounds,UK,UK,Cheque
10:42:16,5/7/2026,1448960940,2939719836,4502.75,UK pounds,UK pounds,UK,UK,Debit card
10:42:16,5/7/2026,7837354873,2534644942,7944.21,UK pounds,Euro,UK,France,Cross-border
10:42:17,5/7/2026,6904169843,4270865741,6124.4,UK pounds,UK pounds,UK,UK,Cheque
10:42:17,5/7/2026,2225924818,7939232128,7642.78,UK pounds,UK pounds,UK,UK,Debit card
10:42:18,5/7/2026,2365007895,6763420838,28098.16,UK pounds,UK pounds,UK,UK,Credit card
10:42:21,5/7/2026,1915450576,4701651456,9233.24,UK pounds,UK pounds,UK,UK,ACH
10:42:23,5/7/2026,8047909179,2584568182,2833.91,UK pounds,UK pounds,UK,UK,ACH
10:42:23,5/7/2026,7326442087,1493436023,7586.7,UK pounds,UK pounds,UK,UK,Debit card
10:42:26,5/7/2026,7018140784,5919128024,2356.78,UK pounds,UK pounds,UK,UK,ACH
10:42:29,5/7/2026,7141448090,4900871305,78.53,UK pounds,UK pounds,UK,UK,Cash Withdrawal
10:42:32,5/7/2026,3386219618,7223756670,154.71,UK pounds,UK pounds,UK,UK,Cash Withdrawal
10:42:32,5/7/2026,6961460093,7080357663,30535.44,UK pounds,UK pounds,UK,UK,Credit card
10:42:33,5/7/2026,8341412096,5109623450,7826.42,UK pounds,UK pounds,UK,UK,Credit card
10:42:34,5/7/2026,4038415588,1526868567,1915.77,UK pounds,UK pounds,UK,UK,Credit card
10:42:36,5/7/2026,8957461886,589468112,3622.36,UK pounds,UK pounds,UK,UK,Credit card
10:42:36,5/7/2026,367406203,4481201444,2440.77,UK pounds,UK pounds,UK,UK,Cheque
10:42:37,5/7/2026,2196677893,911722658,11320.86,Naira,UK pounds,Nigeria,UK,Cross-border
10:42:41,5/7/2026,4577188719,3232526590,875.08,UK pounds,UK pounds,UK,UK,Cash Deposit
10:42:44,5/7/2026,7924551009,7199625988,15882.98,UK pounds,UK pounds,UK,UK,Cheque
10:42:45,5/7/2026,6404844146,5628674969,6731.23,UK pounds,UK pounds,UK,UK,Cheque
10:42:45,5/7/2026,6086421020,7141835964,8089.18,UK pounds,UK pounds,UK,UK,Cheque
10:42:47,5/7/2026,6742623852,551907699,8849.16,UK pounds,UK pounds,UK,UK,Debit card
10:42:51,5/7/2026,8389148416,7417876118,5908.02,UK pounds,UK pounds,UK,UK,Cheque
10:42:51,5/7/2026,9901680164,1465487567,9602.2,UK pounds,UK pounds,UK,UK,Cheque
10:42:51,5/7/2026,2365007895,5866348729,16299.03,UK pounds,UK pounds,UK,UK,Debit card
10:42:55,5/7/2026,8494878354,3695545812,5565.92,UK pounds,UK pounds,UK,UK,Debit card
10:43:01,5/7/2026,4010009393,5528340432,2484.8,UK pounds,UK pounds,UK,UK,Cheque
10:43:04,5/7/2026,7394937898,4144650873,403.92,UK pounds,UK pounds,UK,UK,Debit card
10:43:07,5/7/2026,4024921053,1431561040,6893.67,UK pounds,UK pounds,UK,UK,Debit card
10:43:09,5/7/2026,2595670415,6223365730,15135.99,UK pounds,UK pounds,UK,UK,Cheque
10:43:11,5/7/2026,8405472205,8184833329,4294.42,UK pounds,UK pounds,UK,UK,ACH
10:43:12,5/7/2026,1092702536,3220735304,19546.05,UK pounds,UK pounds,UK,UK,Credit card
10:43:15,5/7/2026,8066286852,2367741630,4889.84,UK pounds,UK pounds,UK,UK,Credit card
10:43:17,5/7/2026,482255721,5896180453,6266.01,UK pounds,UK pounds,UK,UK,Cheque
10:43:26,5/7/2026,4680252319,7728251413,14195.1,UK pounds,UK pounds,UK,UK,Cheque
10:43:31,5/7/2026,1378784400,7897279705,5289.08,UK pounds,UK pounds,UK,UK,Credit card
10:43:34,5/7/2026,7501327339,8617863283,5863.12,UK pounds,UK pounds,UK,UK,Credit card
10:43:35,5/7/2026,9069885740,8352571580,10941.94,UK pounds,UK pounds,UK,UK,ACH
10:43:36,5/7/2026,9629713976,8172080174,4847.64,UK pounds,UK pounds,UK,UK,ACH
10:43:36,5/7/2026,1119631775,8897329050,19365.46,UK pounds,UK pounds,UK,UK,Debit card
10:43:39,5/7/2026,7669236826,375015805,4451.64,UK pounds,UK pounds,UK,UK,ACH
10:43:40,5/7/2026,60718926,5631378382,3152.7,UK pounds,UK pounds,UK,UK,Cheque
10:43:42,5/7/2026,6476585772,3810300721,10659.94,UK pounds,UK pounds,UK,UK,Cheque
10:43:44,5/7/2026,9081133856,6444220418,9378.83,UK pounds,UK pounds,UK,UK,Cheque
10:43:52,5/7/2026,2659616433,9343850846,19093.03,UK pounds,UK pounds,UK,UK,ACH
10:43:53,5/7/2026,9893340528,5628674969,6576.56,UK pounds,UK pounds,UK,UK,Credit card
10:43:58,5/7/2026,2131820112,7841784544,199.6,UK pounds,UK pounds,UK,UK,Cash Withdrawal
10:43:59,5/7/2026,4564291666,9141433772,2761.31,UK pounds,UK pounds,UK,UK,Cash Deposit
10:44:01,5/7/2026,1915450576,5510366236,6179.05,UK pounds,UK pounds,UK,UK,Cheque
10:44:03,5/7/2026,6116657264,7749320382,10544.36,UK pounds,UK pounds,UK,UK,Debit card
10:44:03,5/7/2026,7501327339,3546968911,5060.59,UK pounds,Euro,UK,Germany,Cross-border
10:44:03,5/7/2026,3709430533,7543250720,6866.28,UK pounds,UK pounds,UK,UK,Debit card
10:44:08,5/7/2026,7143169330,7509313232,2736.89,UK pounds,UK pounds,UK,UK,Debit card
10:44:11,5/7/2026,9825818308,1965521445,7707.06,UK pounds,UK pounds,UK,UK,Cheque
10:44:16,5/7/2026,1915450576,2088570270,18259.91,UK pounds,UK pounds,UK,UK,Credit card
10:44:16,5/7/2026,3168051873,5677353991,4875.1,UK pounds,UK pounds,UK,UK,Cheque
10:44:17,5/7/2026,3646682811,6278770348,8036.15,UK pounds,UK pounds,UK,UK,ACH
10:44:23,5/7/2026,5263982631,7080357663,27479.44,Yen,UK pounds,Japan,UK,Cross-border
10:44:24,5/7/2026,1358482520,1939681909,7869.67,UK pounds,UK pounds,UK,UK,Debit card
10:44:25,5/7/2026,3614082527,1732858296,9412.04,UK pounds,UK pounds,UK,UK,Debit card
10:44:25,5/7/2026,3741000234,1377603863,21950.61,UK pounds,UK pounds,UK,UK,ACH
10:44:27,5/7/2026,1935297468,2714320850,305.05,UK pounds,UK pounds,UK,UK,Cash Withdrawal
10:44:34,5/7/2026,385482166,8852169475,36.69,UK pounds,UK pounds,UK,UK,Cash Withdrawal
10:44:38,5/7/2026,2597738775,9752658168,503.83,UK pounds,UK pounds,UK,UK,Credit card
10:44:39,5/7/2026,3510078932,3923530563,11526.89,UK pounds,UK pounds,UK,UK,Credit card
10:44:41,5/7/2026,4121324384,148220861,4619.17,Euro,Euro,Spain,France,Cross-border
10:44:46,5/7/2026,8456279067,3681770380,22363.42,UK pounds,UK pounds,UK,UK,ACH
10:44:47,5/7/2026,2852936829,5087385149,3535.52,UK pounds,UK pounds,UK,UK,Cash Deposit
10:44:48,5/7/2026,5984193868,4594125641,2293.21,UK pounds,UK pounds,UK,UK,ACH
10:44:55,5/7/2026,3658714253,5297691,1694.43,UK pounds,UK pounds,UK,UK,ACH
10:44:55,5/7/2026,6116657264,224176497,4598.36,UK pounds,UK pounds,UK,UK,Cheque
10:44:55,5/7/2026,3644256410,3066321263,6048.62,UK pounds,UK pounds,UK,UK,Debit card
10:44:56,5/7/2026,675669049,8956282059,4573.57,UK pounds,UK pounds,UK,UK,ACH
10:44:57,5/7/2026,1713426884,956337257,3041.58,UK pounds,UK pounds,UK,UK,Cheque
10:44:58,5/7/2026,2797271466,9982628328,7228.49,UK pounds,UK pounds,UK,UK,Debit card
10:45:03,5/7/2026,3697901122,3141372444,2491.93,UK pounds,UK pounds,UK,UK,Debit card
10:45:03,5/7/2026,9226756684,5858369125,17411.77,UK pounds,UK pounds,UK,UK,Credit card
10:45:05,5/7/2026,1915450576,5162401694,10541.65,UK pounds,UK pounds,UK,UK,ACH
10:45:09,5/7/2026,4231385822,6244231175,1485.42,UK pounds,Mexican Peso,UK,Mexico,Cross-border
10:45:23,5/7/2026,7027106126,4540259703,147.42,UK pounds,UK pounds,UK,UK,Cash Withdrawal
10:45:23,5/7/2026,1378784400,7780773895,5208.21,UK pounds,UK pounds,UK,UK,ACH
10:45:24,5/7/2026,2635590075,409707192,11935.87,UK pounds,UK pounds,UK,UK,Cheque
10:45:27,5/7/2026,9534729015,4787209426,12097.07,UK pounds,UK pounds,UK,UK,Credit card
10:45:27,5/7/2026,2318701432,6818474150,881.71,UK pounds,UK pounds,UK,UK,Debit card
10:45:29,5/7/2026,1378784400,9278521151,6935.79,UK pounds,Euro,UK,UK,Credit card
10:45:30,5/7/2026,5869654043,6558968510,17198.77,UK pounds,UK pounds,UK,UK,Cheque
10:45:34,5/7/2026,8793643150,2570862071,8552.4,UK pounds,UK pounds,UK,UK,Debit card
10:45:41,5/7/2026,4345338937,1389390664,1484.62,UK pounds,UK pounds,UK,UK,Debit card
10:45:45,5/7/2026,9636503689,1386678822,610.24,UK pounds,UK pounds,UK,UK,Debit card
10:45:46,5/7/2026,2797271466,4525312913,12678,UK pounds,UK pounds,UK,UK,Cheque
10:45:46,5/7/2026,6020722321,4195838974,1073.3,UK pounds,UK pounds,UK,UK,ACH
10:45:49,5/7/2026,4344759414,2138505015,10105.53,UK pounds,Dirham,UK,UAE,Cross-border
10:45:52,5/7/2026,9895324562,1818872805,6663.66,UK pounds,UK pounds,UK,UK,ACH
10:45:56,5/7/2026,4109732596,5708936901,17738.51,UK pounds,UK pounds,UK,UK,ACH
10:45:58,5/7/2026,6116657264,656192169,4742.15,UK pounds,UK pounds,UK,UK,ACH
10:46:10,5/7/2026,4307611300,606064149,556.8,UK pounds,UK pounds,UK,UK,Cheque
10:46:13,5/7/2026,8410434333,8518184956,10786.55,UK pounds,UK pounds,UK,UK,Debit card
10:46:17,5/7/2026,9125822762,4976475749,3127.69,UK pounds,UK pounds,UK,UK,Credit card
10:46:17,5/7/2026,7659097346,5469723863,10350.63,UK pounds,UK pounds,UK,UK,Cheque
10:46:19,5/7/2026,6411045530,1476842177,1504.51,UK pounds,UK pounds,UK,UK,ACH
10:46:24,5/7/2026,3709430533,2273742965,17872.26,UK pounds,UK pounds,UK,UK,Cheque
10:46:26,5/7/2026,2325150545,1789035002,1013.41,UK pounds,UK pounds,UK,UK,Cheque
10:46:28,5/7/2026,96933227,8172080174,4869.06,UK pounds,UK pounds,UK,UK,Cheque
10:46:31,5/7/2026,7147226223,5858369125,6548.26,UK pounds,UK pounds,UK,UK,ACH
10:46:33,5/7/2026,8456279067,330109509,11174.79,UK pounds,UK pounds,UK,UK,Credit card
10:46:33,5/7/2026,8854146908,9600420260,5059.03,UK pounds,UK pounds,UK,UK,ACH
10:46:34,5/7/2026,4773187916,5906130213,1645.96,UK pounds,UK pounds,UK,UK,ACH
10:46:37,5/7/2026,7401327478,4336451277,2603.3,UK pounds,UK pounds,UK,UK,Cash Deposit
10:46:39,5/7/2026,6116657264,1672288255,7279.91,UK pounds,UK pounds,UK,UK,Credit card
10:46:40,5/7/2026,8389148416,1363901484,10272.73,UK pounds,UK pounds,UK,UK,ACH
10:46:45,5/7/2026,4512711928,3122616876,780.19,UK pounds,UK pounds,UK,UK,Cheque
10:46:48,5/7/2026,1378784400,7780773895,5183.35,UK pounds,UK pounds,UK,UK,Debit card
10:46:52,5/7/2026,4045011140,5628674969,6849.23,UK pounds,UK pounds,UK,UK,Credit card
10:46:53,5/7/2026,5042064131,5628674969,5513.71,UK pounds,UK pounds,UK,UK,Debit card
10:46:54,5/7/2026,9665547827,2218074303,410.63,UK pounds,UK pounds,UK,UK,Debit card
10:46:56,5/7/2026,4383404858,8366649068,11559.06,UK pounds,UK pounds,UK,UK,Cheque
10:46:57,5/7/2026,5021785800,4065028145,4376.53,UK pounds,Euro,UK,Austria,Cross-border
10:46:58,5/7/2026,5959325606,4054367503,546.33,UK pounds,UK pounds,UK,UK,ACH
10:47:05,5/7/2026,4696164729,7882637641,1673.7,UK pounds,Euro,UK,France,Cross-border
10:47:07,5/7/2026,6679205752,5109623450,12072.85,UK pounds,UK pounds,UK,UK,ACH
10:47:08,5/7/2026,8965293680,835593757,2092.74,UK pounds,UK pounds,UK,UK,Debit card
10:47:08,5/7/2026,7155736136,1316458123,5731.77,UK pounds,Mexican Peso,UK,Mexico,Cross-border
10:47:10,5/7/2026,1738940565,409707192,21084,UK pounds,UK pounds,UK,UK,ACH
10:47:13,5/7/2026,569955345,3695545812,6063.77,UK pounds,UK pounds,UK,UK,Cheque
10:47:14,5/7/2026,3510078932,823626823,5906.31,UK pounds,Euro,UK,Netherlands,Cross-border
10:47:17,5/7/2026,8503465200,6003839788,789.64,UK pounds,UK pounds,UK,UK,Credit card
10:47:25,5/7/2026,799188600,3872606344,3734.82,UK pounds,UK pounds,UK,UK,ACH
10:47:27,5/7/2026,4015906272,8465856972,483.13,UK pounds,UK pounds,UK,UK,Debit card
10:47:29,5/7/2026,4543595075,6034997194,15469.48,UK pounds,UK pounds,UK,UK,Cheque
10:47:33,5/7/2026,8389148416,7489694854,23582.14,UK pounds,Euro,UK,Italy,Cross-border
10:47:34,5/7/2026,4121324384,9281561360,22158.31,Euro,UK pounds,Spain,UK,Cross-border
10:47:35,5/7/2026,8960679541,505070381,3194.47,UK pounds,UK pounds,UK,UK,ACH
10:47:36,5/7/2026,6534163745,5355456602,406.1,UK pounds,UK pounds,UK,UK,ACH
10:47:36,5/7/2026,6156339187,9414721240,194.09,UK pounds,UK pounds,UK,UK,ACH
10:47:37,5/7/2026,5185442451,3442659263,331.96,Swiss franc,UK pounds,Switzerland,UK,Cross-border
10:47:38,5/7/2026,7421451752,9906229651,12708.12,UK pounds,UK pounds,UK,UK,Debit card
10:47:38,5/7/2026,665026751,8556332513,1400.75,UK pounds,UK pounds,UK,UK,ACH
10:47:38,5/7/2026,1391897700,4180682278,3919.76,UK pounds,UK pounds,UK,UK,Cash Deposit
10:47:41,5/7/2026,5577457719,9504555515,4522.27,UK pounds,UK pounds,UK,UK,Credit card
10:47:42,5/7/2026,1915450576,9424448642,6258.99,UK pounds,UK pounds,UK,UK,Credit card
10:47:42,5/7/2026,9658628699,3695545812,12075.77,UK pounds,UK pounds,UK,UK,ACH
10:47:44,5/7/2026,8677774943,9398516249,4823.24,UK pounds,UK pounds,UK,UK,ACH
10:47:44,5/7/2026,3538111472,7482668456,2014.62,UK pounds,UK pounds,UK,UK,Credit card
10:47:48,5/7/2026,9734083970,2792106785,7985.99,UK pounds,UK pounds,UK,UK,Credit card
10:47:49,5/7/2026,2261720358,1503409481,397.87,UK pounds,UK pounds,UK,UK,ACH
10:47:50,5/7/2026,2004133484,3079818547,8089.76,UK pounds,UK pounds,UK,UK,Credit card
10:47:53,5/7/2026,846554893,9143778831,1039.74,UK pounds,Turkish lira,UK,Turkey,Cross-border
10:47:57,5/7/2026,2832385272,2138505015,9139.94,UK pounds,Dirham,UK,UAE,Cross-border
10:47:57,5/7/2026,2058693095,2001216089,1367.57,UK pounds,UK pounds,UK,UK,Debit card
10:48:01,5/7/2026,8244937262,6034997194,6368.62,UK pounds,UK pounds,UK,UK,Credit card
10:48:02,5/7/2026,6508263183,8591643375,10647.89,UK pounds,UK pounds,UK,UK,Credit card
10:48:08,5/7/2026,561572520,9560811094,1187.33,UK pounds,UK pounds,UK,UK,Debit card
10:48:15,5/7/2026,6840221462,6394914061,3114.26,UK pounds,UK pounds,UK,UK,Credit card
10:48:18,5/7/2026,33346270,5109623450,11433.35,UK pounds,UK pounds,UK,UK,ACH
10:48:18,5/7/2026,6086421020,6624920676,6187.93,UK pounds,UK pounds,UK,UK,Debit card
10:48:18,5/7/2026,2978655617,4989319535,1226.43,UK pounds,UK pounds,UK,UK,Credit card
10:48:21,5/7/2026,6811975048,2755114190,949.43,UK pounds,UK pounds,UK,UK,Credit card
10:48:22,5/7/2026,7738921363,1885604875,263.96,UK pounds,UK pounds,UK,UK,Debit card
10:48:23,5/7/2026,9572437179,7199625988,6662.71,UK pounds,UK pounds,UK,UK,Debit card
10:48:25,5/7/2026,6653699393,9771156850,522.82,Dirham,Indian rupee,UAE,India,Cross-border
10:48:32,5/7/2026,3394889318,5414896414,7868.97,UK pounds,Dirham,UK,UAE,Cross-border
10:48:33,5/7/2026,2045644966,621060264,7015.35,UK pounds,UK pounds,UK,UK,Debit card
10:48:35,5/7/2026,2266586338,7869013888,105.58,UK pounds,UK pounds,UK,UK,Cheque
10:48:35,5/7/2026,7408330845,1218244200,19863.71,UK pounds,UK pounds,UK,UK,Credit card
10:48:37,5/7/2026,6216316627,5466123934,7955.92,UK pounds,UK pounds,UK,UK,Debit card
10:48:38,5/7/2026,8250843541,199988062,513.08,UK pounds,UK pounds,UK,UK,Debit card
10:48:39,5/7/2026,3709430533,7543250720,6891.55,UK pounds,UK pounds,UK,UK,Debit card
10:48:42,5/7/2026,6402393774,277019651,7251.24,UK pounds,UK pounds,UK,UK,ACH
10:48:44,5/7/2026,25762606,909072420,2880.73,UK pounds,UK pounds,UK,UK,Cash Deposit
10:48:45,5/7/2026,4512671582,5256445929,24141.25,UK pounds,UK pounds,UK,UK,ACH
10:48:49,5/7/2026,4708741032,952050825,1426.28,UK pounds,UK pounds,UK,UK,Cheque
10:48:54,5/7/2026,1754308893,2653244195,2681.07,UK pounds,UK pounds,UK,UK,Credit card
10:48:54,5/7/2026,1724782685,2505275986,807.03,UK pounds,UK pounds,UK,UK,Cash Deposit
10:48:58,5/7/2026,6726011110,9509095598,2998.96,UK pounds,UK pounds,UK,UK,Credit card
10:48:59,5/7/2026,7758268667,3325153054,10030.19,UK pounds,UK pounds,UK,UK,ACH
10:49:00,5/7/2026,822128135,324464903,13269.07,UK pounds,UK pounds,UK,UK,ACH
10:49:01,5/7/2026,642436468,5718348761,41.27,UK pounds,UK pounds,UK,UK,Debit card
10:49:02,5/7/2026,9124329020,1276357468,2114.28,UK pounds,UK pounds,UK,UK,Cash Deposit
10:49:04,5/7/2026,7986479831,5124301835,12358.01,UK pounds,UK pounds,UK,UK,Credit card
10:49:08,5/7/2026,1992777224,303044546,2191.66,UK pounds,UK pounds,UK,UK,Credit card
10:49:08,5/7/2026,4915664814,5466123934,7368.69,UK pounds,UK pounds,UK,UK,Debit card
10:49:09,5/7/2026,264095857,1316458123,13447.86,UK pounds,Mexican Peso,UK,Mexico,Cross-border
10:49:15,5/7/2026,2267057254,3353913084,1373.06,UK pounds,UK pounds,UK,UK,Cheque
10:49:18,5/7/2026,1378784400,7780773895,5173.01,UK pounds,UK pounds,UK,UK,Credit card
10:49:18,5/7/2026,5021785800,4065028145,4377.04,UK pounds,Euro,UK,Austria,Cross-border
10:49:19,5/7/2026,4277910354,7517403696,1389.2,UK pounds,UK pounds,UK,UK,Cheque
10:49:20,5/7/2026,3275257189,4428953627,421.56,UK pounds,UK pounds,UK,UK,Cash Deposit
10:49:21,5/7/2026,6743376113,621060264,25793.94,UK pounds,UK pounds,UK,UK,Cheque
10:49:23,5/7/2026,6677092537,8794766352,733.05,UK pounds,UK pounds,UK,UK,Cheque
10:49:24,5/7/2026,1830078831,7160736915,10172.19,UK pounds,UK pounds,UK,UK,Debit card
10:49:24,5/7/2026,8203229522,8519194353,11347.74,UK pounds,Pakistani rupee,UK,Pakistan,Cross-border
10:49:26,5/7/2026,9987846938,3678607748,1738.31,UK pounds,UK pounds,UK,UK,Credit card
10:49:35,5/7/2026,2047410771,6646502650,8045.75,UK pounds,Euro,UK,France,Cross-border
10:49:35,5/7/2026,6116657264,2883324502,9572.05,UK pounds,UK pounds,UK,UK,Credit card
10:49:39,5/7/2026,8653336420,8752943153,3451.49,UK pounds,UK pounds,UK,UK,ACH
10:49:43,5/7/2026,2350608357,7116272472,800.43,UK pounds,UK pounds,UK,UK,Cheque
10:49:44,5/7/2026,6385147013,56519020,4664.87,UK pounds,UK pounds,UK,UK,Credit card
10:49:47,5/7/2026,1304411851,5708936901,10517.33,UK pounds,UK pounds,UK,UK,Debit card
10:49:49,5/7/2026,578839168,1377603863,5425.57,UK pounds,UK pounds,UK,UK,Credit card
10:49:52,5/7/2026,5376652437,9600420260,11858.26,UK pounds,UK pounds,UK,UK,Credit card
10:49:53,5/7/2026,4121324384,7417210636,11152.4,Euro,UK pounds,Spain,UK,Cross-border
10:49:56,5/7/2026,8201605808,9600420260,7169.7,UK pounds,UK pounds,UK,UK,Debit card
10:50:01,5/7/2026,5006270568,6125659636,2670.4,UK pounds,UK pounds,UK,UK,Credit card
10:50:04,5/7/2026,5840073198,7672640853,466.61,UK pounds,UK pounds,UK,UK,Cheque
10:50:13,5/7/2026,1498828609,5895407809,875.38,UK pounds,UK pounds,UK,UK,Debit card
10:50:14,5/7/2026,1706196950,3695545812,4855.67,UK pounds,UK pounds,UK,UK,ACH
10:50:23,5/7/2026,8130176208,8659464157,4170.52,UK pounds,UK pounds,UK,UK,Credit card
10:50:24,5/7/2026,3452368468,4833559204,10363.23,UK pounds,UK pounds,UK,UK,ACH
10:50:24,5/7/2026,3462885128,274657616,1933.78,UK pounds,UK pounds,UK,UK,Credit card
10:50:26,5/7/2026,8587242371,5363117119,20093.29,UK pounds,UK pounds,UK,UK,Cheque
10:50:27,5/7/2026,7330940854,1320927231,4608.37,UK pounds,UK pounds,UK,Malta,ACH
10:50:28,5/7/2026,2365007895,6618026760,12008.36,UK pounds,UK pounds,UK,UK,Credit card
10:50:31,5/7/2026,3902806766,2537003174,1309.6,UK pounds,UK pounds,UK,UK,ACH
10:50:34,5/7/2026,3299538255,8376057857,423.42,UK pounds,UK pounds,UK,UK,Cheque
10:50:42,5/7/2026,8047909179,2584568182,2814.09,UK pounds,UK pounds,UK,UK,Debit card
10:50:42,5/7/2026,3758118046,2487128589,2564.96,UK pounds,UK pounds,UK,UK,Debit card
10:50:43,5/7/2026,1532196553,5844956381,521.8,UK pounds,UK pounds,UK,UK,Debit card
10:50:46,5/7/2026,3168051873,4856706287,13293.02,UK pounds,UK pounds,UK,UK,Credit card
10:50:53,5/7/2026,4910906417,433433286,5314.17,UK pounds,UK pounds,UK,UK,Cheque
10:50:56,5/7/2026,5027539859,8678802420,4903.82,UK pounds,UK pounds,UK,UK,Credit card
10:50:57,5/7/2026,7466302779,5103043844,12071.82,UK pounds,Naira,UK,Nigeria,Cross-border
10:50:58,5/7/2026,7421451752,2755709071,5851.06,UK pounds,UK pounds,UK,UK,ACH
10:51:02,5/7/2026,568683281,6568511815,9940.11,UK pounds,UK pounds,UK,UK,Credit card
10:51:05,5/7/2026,7739142501,8977087076,326.7,UK pounds,UK pounds,UK,UK,Cash Deposit
10:51:06,5/7/2026,3373148945,6034997194,21534.8,UK pounds,UK pounds,UK,UK,Debit card
10:51:07,5/7/2026,6541552727,9694142477,6128.56,UK pounds,UK pounds,UK,UK,Credit card
10:51:13,5/7/2026,8968592383,353834718,1211.39,UK pounds,UK pounds,UK,UK,ACH
10:51:14,5/7/2026,420570262,5103043844,6172.91,UK pounds,Naira,UK,Nigeria,Cross-border
10:51:16,5/7/2026,3162568567,2463385876,3067.18,UK pounds,UK pounds,UK,UK,Credit card
10:51:18,5/7/2026,7501327339,9848553102,10288.33,UK pounds,UK pounds,UK,UK,Cheque
10:51:20,5/7/2026,7724710130,4270865741,11814.29,UK pounds,UK pounds,UK,UK,Debit card
10:51:20,5/7/2026,7383082878,7323827816,3020.71,UK pounds,UK pounds,UK,UK,Cash Deposit
10:51:23,5/7/2026,8987848252,3809653464,8780.89,UK pounds,Euro,UK,Netherlands,Cross-border
10:51:23,5/7/2026,8938772134,1251714328,10433.62,UK pounds,UK pounds,UK,UK,Credit card
10:51:24,5/7/2026,868398142,6970509335,728.8,UK pounds,UK pounds,UK,UK,Cash Deposit
10:51:24,5/7/2026,1491989064,8401255335,6037.94,UK pounds,Dirham,UK,UAE,Cross-border
10:51:24,5/7/2026,6499777292,1377603863,10587.15,UK pounds,UK pounds,UK,UK,Cheque
10:51:26,5/7/2026,5799589640,8287462977,976.8,UK pounds,UK pounds,UK,UK,Cheque
10:51:27,5/7/2026,7669236826,7708305681,10303.96,UK pounds,UK pounds,UK,UK,Debit card
10:51:29,5/7/2026,4587184588,6223365730,10462.73,UK pounds,UK pounds,UK,UK,Debit card
10:51:30,5/7/2026,3452368468,2111706195,15033.69,UK pounds,UK pounds,UK,UK,Cheque
10:51:31,5/7/2026,1313283747,9716797685,3807.06,UK pounds,UK pounds,UK,UK,Cash Deposit
10:51:31,5/7/2026,4238032930,7135138536,6749.48,UK pounds,UK pounds,UK,UK,Credit card
10:51:33,5/7/2026,1422566926,744931160,1347.06,UK pounds,UK pounds,UK,UK,ACH
10:51:34,5/7/2026,4121324384,8777101435,18207.77,Euro,UK pounds,Spain,UK,Cross-border
10:51:35,5/7/2026,9534729015,1948023764,21534.12,UK pounds,UK pounds,UK,UK,ACH
10:51:46,5/7/2026,675669049,4348868412,7272.59,UK pounds,UK pounds,UK,UK,Credit card
10:51:48,5/7/2026,6505314292,6551259656,4713.43,UK pounds,UK pounds,UK,UK,Cash Deposit
10:51:48,5/7/2026,3884364796,3678154204,92.61,UK pounds,UK pounds,UK,UK,Credit card
10:51:50,5/7/2026,2797271466,1492744665,5961.74,UK pounds,UK pounds,UK,UK,Credit card
10:51:55,5/7/2026,8244937262,6034997194,6301.57,UK pounds,UK pounds,UK,UK,ACH
10:52:01,5/7/2026,4543595075,6034997194,15350.7,UK pounds,UK pounds,UK,UK,ACH
10:52:02,5/7/2026,7758268667,7505089539,8384.9,UK pounds,UK pounds,UK,UK,Credit card
10:52:05,5/7/2026,9599009457,2870306224,8690.65,UK pounds,UK pounds,UK,UK,Credit card
10:52:08,5/7/2026,1367481057,3411887666,1460.82,UK pounds,UK pounds,UK,UK,Credit card
10:52:09,5/7/2026,5102544036,5109623450,6837.95,UK pounds,UK pounds,UK,UK,Credit card
10:52:11,5/7/2026,9482437626,6781542095,308.84,UK pounds,UK pounds,UK,UK,Cash Withdrawal
10:52:13,5/7/2026,7421451752,1103906765,20811.31,UK pounds,UK pounds,UK,UK,Credit card
10:52:16,5/7/2026,8052801346,5482042682,1102.05,UK pounds,UK pounds,UK,UK,Debit card
10:52:19,5/7/2026,2041162165,1448912136,2351.15,UK pounds,UK pounds,UK,UK,Cheque
10:52:20,5/7/2026,2588097391,6385499580,9079.56,UK pounds,UK pounds,UK,UK,Cheque
10:52:22,5/7/2026,1670948762,6444220418,17576.1,UK pounds,UK pounds,UK,UK,Debit card
10:52:22,5/7/2026,511037666,8678802420,8593.67,UK pounds,UK pounds,UK,UK,Credit card
10:52:36,5/7/2026,8769747914,5816813063,5390.78,UK pounds,UK pounds,UK,UK,ACH
10:52:40,5/7/2026,1265983749,8760936984,1728.9,UK pounds,UK pounds,UK,UK,Cheque
10:52:40,5/7/2026,2687511294,9890571312,640.23,UK pounds,UK pounds,UK,UK,ACH
10:52:41,5/7/2026,1218186942,6232366766,1143.36,UK pounds,UK pounds,UK,UK,Credit card
10:52:44,5/7/2026,312690129,2368019884,3810.16,UK pounds,UK pounds,UK,UK,Debit card
10:52:49,5/7/2026,2797271466,1856317214,6026.46,UK pounds,UK pounds,UK,UK,Credit card
10:53:03,5/7/2026,8099695854,5991515018,63.44,UK pounds,UK pounds,UK,UK,Cash Withdrawal
10:53:03,5/7/2026,9307113143,954297398,598.36,UK pounds,UK pounds,UK,UK,Debit card
10:53:04,5/7/2026,6127913747,8384869861,18066.71,UK pounds,Euro,UK,Germany,Cross-border
10:53:05,5/7/2026,2790502538,7386959843,4137.12,UK pounds,UK pounds,UK,UK,Debit card
10:53:08,5/7/2026,4875927489,2501279631,4266.03,UK pounds,UK pounds,UK,UK,ACH
10:53:09,5/7/2026,8244937262,6034997194,6320.49,UK pounds,UK pounds,UK,UK,Credit card
10:53:13,5/7/2026,426275085,4662202464,3832.04,UK pounds,UK pounds,UK,UK,ACH
10:53:22,5/7/2026,6376077786,3079818547,13871.29,UK pounds,UK pounds,UK,UK,Credit card
10:53:24,5/7/2026,8203229522,5254058209,4464.97,UK pounds,Dirham,UK,UAE,Cross-border
10:53:26,5/7/2026,1405792399,5109623450,16763.25,UK pounds,UK pounds,UK,UK,Credit card
10:53:30,5/7/2026,1915450576,2933259781,5924.73,UK pounds,UK pounds,UK,UK,Cheque
10:53:34,5/7/2026,703647888,1431561040,19807.04,UK pounds,UK pounds,UK,UK,Credit card
10:53:35,5/7/2026,5618710275,8912097394,4140.15,UK pounds,UK pounds,UK,UK,ACH
10:53:36,5/7/2026,5470113126,3661025271,8688.28,Euro,UK pounds,Italy,UK,Cross-border
10:53:37,5/7/2026,7669236826,4059905714,5369.5,UK pounds,UK pounds,UK,UK,ACH
10:53:39,5/7/2026,7570225629,1493436023,4337.3,UK pounds,UK pounds,UK,UK,Debit card
10:53:40,5/7/2026,7347470470,6865727267,126.25,UK pounds,UK pounds,UK,UK,Cash Withdrawal
10:53:40,5/7/2026,8728810272,2008369465,1152.12,UK pounds,UK pounds,UK,UK,Cheque
10:53:43,5/7/2026,7669236826,375015805,4388.86,UK pounds,UK pounds,UK,UK,Credit card
10:53:43,5/7/2026,6086421020,5033682319,14522.81,UK pounds,UK pounds,UK,UK,Cheque
10:53:44,5/7/2026,1834379343,3737225286,1624.51,UK pounds,UK pounds,UK,UK,ACH
10:53:44,5/7/2026,3767473978,3093012877,4531.86,UK pounds,UK pounds,UK,UK,Credit card
10:53:44,5/7/2026,963640486,9325731862,1216.3,UK pounds,UK pounds,UK,UK,Debit card
10:53:47,5/7/2026,3336234389,6953672776,7701.13,UK pounds,Mexican Peso,UK,Mexico,Cross-border
10:53:49,5/7/2026,3259746649,310698558,276.46,UK pounds,UK pounds,UK,UK,ACH
10:53:54,5/7/2026,7934406158,140821773,16933.69,UK pounds,UK pounds,UK,UK,Credit card
10:53:56,5/7/2026,5762938423,6994481881,228.08,UK pounds,UK pounds,UK,UK,ACH
10:54:01,5/7/2026,9734083970,9232891126,7179.06,UK pounds,UK pounds,UK,UK,ACH
10:54:02,5/7/2026,3510078932,1861324833,4456.79,UK pounds,UK pounds,UK,UK,ACH
10:54:04,5/7/2026,3053114958,5085626550,3267.38,UK pounds,UK pounds,UK,UK,Debit card
10:54:05,5/7/2026,5021785800,5064372260,10018.61,UK pounds,UK pounds,UK,UK,ACH
10:54:06,5/7/2026,5385331795,3432128806,2207.16,UK pounds,UK pounds,UK,UK,Credit card
10:54:10,5/7/2026,9508689417,5103043844,7450.71,UK pounds,Naira,UK,Nigeria,Cross-border
10:54:12,5/7/2026,1558124827,669985989,996.31,UK pounds,UK pounds,UK,UK,ACH
10:54:13,5/7/2026,3510078932,1625701030,6302.88,UK pounds,UK pounds,UK,UK,Cheque
10:54:15,5/7/2026,8952177221,5367802555,8103.72,UK pounds,UK pounds,UK,UK,Credit card
10:54:18,5/7/2026,2004133484,3079818547,8076.87,UK pounds,UK pounds,UK,UK,ACH
10:54:21,5/7/2026,2267057254,3353913084,1380.28,UK pounds,UK pounds,UK,UK,Credit card
10:54:22,5/7/2026,6904668523,2055564858,4421.05,UK pounds,UK pounds,UK,UK,Credit card
10:54:23,5/7/2026,9746384104,389486199,6960.98,UK pounds,UK pounds,UK,UK,ACH
10:54:23,5/7/2026,1015091738,7136306872,4534.2,UK pounds,UK pounds,UK,UK,Debit card
10:54:28,5/7/2026,6002441648,2598496279,3457.55,UK pounds,UK pounds,UK,UK,Cash Deposit
10:54:29,5/7/2026,5325117002,4173195094,16685.13,UK pounds,UK pounds,UK,UK,ACH
10:54:32,5/7/2026,4009125662,3912509869,556.4,UK pounds,UK pounds,UK,UK,Debit card
10:54:34,5/7/2026,6385147013,9264803944,1695.92,UK pounds,UK pounds,UK,UK,Credit card
10:54:35,5/7/2026,3168051873,365650600,8255.51,Naira,UK pounds,UK,UK,ACH
10:54:38,5/7/2026,5126390175,8518184956,5760.93,UK pounds,UK pounds,UK,UK,Cheque
10:54:39,5/7/2026,8987848252,6000919396,10489.17,UK pounds,UK pounds,UK,UK,Debit card
10:54:42,5/7/2026,1915450576,8816009605,8252.91,UK pounds,UK pounds,UK,UK,Debit card
10:54:45,5/7/2026,2635590075,409707192,11920.59,UK pounds,UK pounds,UK,UK,Debit card
10:54:46,5/7/2026,7501327339,8617863283,5871.09,UK pounds,UK pounds,UK,UK,Credit card
10:54:55,5/7/2026,2365007895,7623292529,15929.72,UK pounds,UK pounds,UK,UK,Credit card
10:54:56,5/7/2026,1078784207,8673917867,8608.92,UK pounds,Yen,UK,UK,Debit card
10:55:00,5/7/2026,3034862757,5665620705,3512.04,UK pounds,UK pounds,UK,UK,Credit card
10:55:00,5/7/2026,6116657264,7541529999,5919.54,UK pounds,UK pounds,UK,UK,Cheque
10:55:03,5/7/2026,6498497780,1981154716,3499.13,UK pounds,UK pounds,UK,UK,Debit card
10:55:04,5/7/2026,7643404209,6320069287,1691.58,UK pounds,UK pounds,UK,UK,Cheque
10:55:06,5/7/2026,8201605808,9600420260,7232.66,UK pounds,UK pounds,UK,UK,Debit card
10:55:07,5/7/2026,1802636466,7475764496,2538.63,Yen,UK pounds,UK,UK,Credit card
10:55:07,5/7/2026,8003608688,6034997194,33628.75,UK pounds,UK pounds,UK,UK,Cheque
10:55:10,5/7/2026,8987848252,1896020736,5695.72,UK pounds,UK pounds,UK,UK,Debit card
10:55:11,5/7/2026,3998168536,4336977506,5893.75,UK pounds,UK pounds,UK,UK,Debit card
10:55:11,5/7/2026,4353995266,6646502650,5171.09,UK pounds,Euro,UK,France,Cross-border
10:55:12,5/7/2026,8310701481,8158472527,4517.14,UK pounds,UK pounds,UK,UK,Credit card
10:55:12,5/7/2026,2552379760,7047415797,1115.77,UK pounds,UK pounds,UK,UK,Debit card
10:55:16,5/7/2026,5043306746,3263399801,257.71,UK pounds,UK pounds,UK,UK,Credit card
10:55:16,5/7/2026,4109732596,5708936901,17809.06,UK pounds,UK pounds,UK,UK,ACH
10:55:30,5/7/2026,8004586995,1091854354,1419.97,UK pounds,UK pounds,UK,UK,Cash Deposit
10:55:31,5/7/2026,6715159817,7267193919,3323.79,UK pounds,UK pounds,UK,UK,Cash Deposit
10:55:40,5/7/2026,236763209,5504005538,5376.92,UK pounds,UK pounds,UK,UK,Debit card
10:55:41,5/7/2026,2552092407,9088651571,175.59,UK pounds,UK pounds,UK,UK,Cash Withdrawal
10:55:44,5/7/2026,6904668523,545403361,5935.32,UK pounds,UK pounds,UK,UK,Debit card
10:55:44,5/7/2026,1977915508,1493436023,16360.96,UK pounds,UK pounds,UK,UK,Cheque
10:55:47,5/7/2026,8047909179,2584568182,2756.22,UK pounds,UK pounds,UK,UK,Credit card
10:55:49,5/7/2026,3855145219,8036086315,4220.88,UK pounds,UK pounds,UK,UK,Cheque
10:55:50,5/7/2026,8571933245,1692929472,1390.79,UK pounds,UK pounds,UK,UK,ACH
10:55:52,5/7/2026,675669049,4848113486,6862.55,UK pounds,UK pounds,UK,UK,Credit card
10:55:54,5/7/2026,7262208276,9286191745,1828.56,UK pounds,UK pounds,UK,UK,ACH
10:55:56,5/7/2026,2466056232,8352571580,14816.68,UK pounds,UK pounds,UK,UK,ACH
10:56:03,5/7/2026,3809194171,621060264,17263.69,UK pounds,UK pounds,UK,UK,Debit card
10:56:03,5/7/2026,6116657264,144438037,5825.57,UK pounds,UK pounds,UK,UK,ACH
10:56:03,5/7/2026,7501327339,3230579354,11268.27,UK pounds,UK pounds,UK,UK,Credit card
10:56:04,5/7/2026,14539122,6953672776,6155.14,UK pounds,Mexican Peso,UK,Mexico,Cross-border
10:56:11,5/7/2026,307230262,3023734307,2480.31,UK pounds,UK pounds,UK,UK,Cash Deposit
10:56:18,5/7/2026,2267057254,3353913084,1387.75,UK pounds,UK pounds,UK,UK,Debit card
10:56:22,5/7/2026,1915450576,4788192514,12246.56,UK pounds,UK pounds,UK,UK,Credit card
10:56:23,5/7/2026,6949764034,1612314007,14919.17,UK pounds,UK pounds,UK,UK,ACH
10:56:24,5/7/2026,2797271466,9982628328,7134.01,UK pounds,UK pounds,UK,UK,Credit card
10:56:26,5/7/2026,1526403963,1498551643,7730.88,UK pounds,UK pounds,UK,UK,Credit card
10:56:33,5/7/2026,2365007895,8015553278,6949.44,UK pounds,UK pounds,UK,UK,Debit card
10:56:35,5/7/2026,5988394791,3114444835,33678.4,UK pounds,UK pounds,UK,UK,Credit card
10:56:37,5/7/2026,5979365359,409707192,9644.05,UK pounds,UK pounds,UK,UK,Debit card
10:56:44,5/7/2026,9875276991,4278420374,688.5,UK pounds,UK pounds,UK,UK,Cash Deposit
10:56:45,5/7/2026,130653303,6153393710,9404.35,UK pounds,UK pounds,UK,UK,Debit card
10:56:48,5/7/2026,8572039029,1431561040,10266.88,Euro,UK pounds,France,UK,Cross-border
10:56:51,5/7/2026,5718331090,8092903168,155.82,UK pounds,UK pounds,UK,UK,Cash Withdrawal
10:56:52,5/7/2026,2401232223,7141862393,2294.51,UK pounds,UK pounds,UK,UK,Credit card
10:56:55,5/7/2026,659293582,3792752290,2332.55,UK pounds,UK pounds,UK,UK,Debit card
10:57:00,5/7/2026,7556064805,3079818547,12175.77,UK pounds,UK pounds,UK,UK,Credit card
10:57:00,5/7/2026,733430828,6953672776,5916.09,UK pounds,Mexican Peso,UK,Mexico,Cross-border
10:57:04,5/7/2026,8185097615,4432422695,879.96,UK pounds,UK pounds,UK,UK,Credit card
10:57:04,5/7/2026,2155777605,9468974274,7214.79,UK pounds,UK pounds,UK,UK,Cheque
10:57:05,5/7/2026,1168600456,6011344390,1101.99,UK pounds,UK pounds,UK,UK,Credit card
10:57:07,5/7/2026,1638295908,6648839495,1398.66,UK pounds,UK pounds,UK,UK,Credit card
10:57:08,5/7/2026,8389148416,2815444709,5143.45,UK pounds,UK pounds,UK,UK,Credit card
10:57:11,5/7/2026,1092702536,3220735304,19316.4,UK pounds,UK pounds,UK,UK,Debit card
10:57:11,5/7/2026,8887252144,3495196736,1727.78,UK pounds,UK pounds,UK,UK,ACH
10:57:14,5/7/2026,5310672783,4729254795,88014.57,UK pounds,UK pounds,UK,UK,Debit card
10:57:15,5/7/2026,9734083970,7577540230,7288.77,UK pounds,UK pounds,UK,UK,Cheque
10:57:17,5/7/2026,2359149347,7975935824,15676.74,UK pounds,UK pounds,UK,UK,Debit card
10:57:18,5/7/2026,1556161476,703064372,1524.31,UK pounds,UK pounds,UK,UK,ACH
10:57:19,5/7/2026,456975181,7116059879,4328.16,UK pounds,UK pounds,UK,UK,Credit card
10:57:28,5/7/2026,8456279067,2341493832,7906.34,UK pounds,UK pounds,UK,UK,Cheque
10:57:31,5/7/2026,9791139953,2127835605,420.19,UK pounds,UK pounds,UK,UK,ACH
10:57:33,5/7/2026,1840293182,3116242508,723.72,UK pounds,UK pounds,UK,UK,Debit card
10:57:35,5/7/2026,1861196280,8481311214,377.23,UK pounds,UK pounds,UK,UK,Credit card
10:57:38,5/7/2026,4331970246,8516236307,4509.05,UK pounds,UK pounds,UK,UK,Credit card
10:57:38,5/7/2026,4703595147,7080357663,5883.88,UK pounds,UK pounds,UK,UK,Cheque
10:57:45,5/7/2026,6242298661,6223365730,5149.99,UK pounds,UK pounds,UK,UK,Credit card
10:57:48,5/7/2026,3614082527,4917300261,6102.45,UK pounds,UK pounds,UK,UK,Cheque
10:57:48,5/7/2026,3286172355,2781859512,2724.17,UK pounds,UK pounds,UK,UK,Debit card
10:57:49,5/7/2026,7669236826,4059905714,5379.36,UK pounds,UK pounds,UK,UK,Cheque
10:57:53,5/7/2026,566217385,429501798,208.07,UK pounds,UK pounds,UK,UK,Credit card
10:57:53,5/7/2026,1937509788,5628674969,9677.53,UK pounds,UK pounds,UK,UK,Credit card
10:57:58,5/7/2026,971196785,1431561040,23119.3,UK pounds,UK pounds,UK,UK,Cheque
10:57:59,5/7/2026,8523021855,2534644942,13499.54,UK pounds,Euro,UK,France,Cross-border
10:58:02,5/7/2026,9534729015,8091763232,5916.05,UK pounds,UK pounds,UK,UK,Debit card
10:58:03,5/7/2026,8973622440,2502236532,3933.46,UK pounds,UK pounds,UK,UK,Cash Deposit
10:58:03,5/7/2026,7421451752,6790400322,11725.58,UK pounds,UK pounds,UK,UK,Debit card
10:58:16,5/7/2026,5549289588,4336977506,6768.6,UK pounds,UK pounds,UK,UK,Cheque
10:58:16,5/7/2026,7758268667,5402206630,6147.22,UK pounds,UK pounds,UK,UK,Debit card
10:58:22,5/7/2026,1964713406,4959625851,228.57,UK pounds,UK pounds,UK,UK,Cheque
10:58:25,5/7/2026,5333549678,7160736915,13514.31,UK pounds,UK pounds,UK,UK,ACH
10:58:26,5/7/2026,8456279067,4358275767,13257.99,UK pounds,UK pounds,UK,UK,Credit card
10:58:26,5/7/2026,2845318236,3328167095,4504.67,UK pounds,UK pounds,UK,UK,Debit card
10:58:29,5/7/2026,9946753541,3286423643,7060.31,UK pounds,UK pounds,UK,UK,ACH
10:58:37,5/7/2026,9598349393,8518184956,6833.08,UK pounds,UK pounds,UK,UK,Credit card
10:58:39,5/7/2026,8587190699,4989517894,3230,UK pounds,UK pounds,UK,UK,ACH
10:58:40,5/7/2026,2722337392,1388624141,2452.25,UK pounds,UK pounds,UK,UK,Credit card
10:58:42,5/7/2026,6057444675,517441754,6978.77,UK pounds,UK pounds,UK,UK,Debit card
10:58:44,5/7/2026,2428154426,9338414095,1633.21,UK pounds,UK pounds,UK,UK,Debit card
10:58:46,5/7/2026,5496292666,7254677853,8650.43,UK pounds,UK pounds,UK,UK,ACH
10:58:48,5/7/2026,3279179893,1320927231,4886.18,UK pounds,UK pounds,UK,UK,Credit card
10:58:50,5/7/2026,675669049,4898116032,12158.11,UK pounds,UK pounds,UK,UK,ACH
10:58:50,5/7/2026,7501327339,1073749339,15819.54,UK pounds,UK pounds,UK,UK,Cheque
10:58:54,5/7/2026,9828143010,5628674969,8371.2,UK pounds,UK pounds,UK,UK,ACH
10:58:59,5/7/2026,9734083970,1812525358,5840.32,UK pounds,UK pounds,UK,UK,Cheque
10:59:03,5/7/2026,6495167395,1036966315,3229.54,UK pounds,Moroccan dirham,UK,Morocco,Cross-border
10:59:04,5/7/2026,4149011993,2318701432,2319.02,UK pounds,UK pounds,UK,UK,Cash Deposit
10:59:07,5/7/2026,9176532232,9720623748,105.18,UK pounds,UK pounds,UK,UK,Cheque
10:59:11,5/7/2026,6159416224,6053340350,1497.09,UK pounds,UK pounds,UK,UK,Credit card
10:59:13,5/7/2026,2889112657,1560518407,562.86,UK pounds,UK pounds,UK,UK,Debit card
10:59:13,5/7/2026,2797271466,9599693960,9821.04,UK pounds,UK pounds,UK,UK,Credit card
10:59:15,5/7/2026,6984051591,5060924139,7873.32,UK pounds,Euro,UK,Italy,Cross-border
10:59:21,5/7/2026,8892844282,5554184517,20711.65,UK pounds,UK pounds,UK,UK,Debit card
10:59:28,5/7/2026,8203229522,8818164834,4712.95,UK pounds,UK pounds,UK,UK,ACH
10:59:30,5/7/2026,5547656808,7457586937,316.57,UK pounds,UK pounds,UK,UK,Cash Withdrawal
10:59:31,5/7/2026,8898696157,6646502650,10081.78,UK pounds,Euro,UK,France,Cross-border
10:59:33,5/7/2026,6514776988,617552602,5876.36,UK pounds,UK pounds,UK,UK,Debit card
10:59:33,5/7/2026,3452368468,4889103394,14598.44,UK pounds,UK pounds,UK,UK,Cheque
10:59:34,5/7/2026,9352048807,1559547570,102.19,UK pounds,UK pounds,UK,UK,Cash Withdrawal
10:59:36,5/7/2026,8904195158,6569002356,195.93,UK pounds,UK pounds,UK,UK,ACH
10:59:38,5/7/2026,974027499,4430611445,233.87,UK pounds,UK pounds,UK,UK,Cash Withdrawal
10:59:38,5/7/2026,6817224080,1950236164,292.69,UK pounds,UK pounds,UK,UK,Cash Deposit
10:59:42,5/7/2026,4077353464,9179681342,6164.09,UK pounds,Albanian lek,UK,Albania,Cross-border
10:59:48,5/7/2026,3614082527,5318241045,8349.21,UK pounds,Naira,UK,Nigeria,Cross-border
10:59:51,5/7/2026,5997230390,4591067039,4892.7,UK pounds,UK pounds,UK,UK,Credit card
10:59:51,5/7/2026,2584559390,3066321263,18224.23,UK pounds,UK pounds,UK,UK,Credit card
10:59:54,5/7/2026,4882017214,8993200440,19000.71,UK pounds,UK pounds,UK,UK,Debit card
10:59:54,5/7/2026,6022992598,4474901240,10519.85,UK pounds,UK pounds,UK,UK,ACH
10:59:55,5/7/2026,2299676190,2534644942,5899.62,UK pounds,Euro,UK,France,Cross-border
10:59:59,5/7/2026,6070936942,6655467533,442.7,Naira,UK pounds,Nigeria,UK,Cross-border
11:00:01,5/7/2026,7500111256,9956537352,19225.13,UK pounds,UK pounds,UK,UK,Credit card
11:00:03,5/7/2026,4925047798,4270865741,9947.39,UK pounds,UK pounds,UK,UK,Debit card
11:00:05,5/7/2026,1139132462,7199625988,10753.03,Dirham,UK pounds,UAE,UK,Cross-border
11:00:06,5/7/2026,1194906351,8594486349,137.45,UK pounds,UK pounds,UK,UK,Cheque
11:00:07,5/7/2026,6404844146,5628674969,6732.39,Euro,UK pounds,UK,UK,Debit card
11:00:10,5/7/2026,6331746318,9224360382,139.97,UK pounds,UK pounds,UK,UK,Debit card
11:00:10,5/7/2026,2978655617,2478171027,6356.63,UK pounds,Euro,UK,UK,Cheque
11:00:12,5/7/2026,5528300128,6470104899,1154.98,UK pounds,UK pounds,UK,UK,ACH
11:00:19,5/7/2026,2498232404,6645074569,6455.7,UK pounds,Euro,UK,Austria,Cross-border
11:00:22,5/7/2026,1378784400,8436759372,6186.4,UK pounds,UK pounds,UK,UK,Cheque
11:00:22,5/7/2026,3999777089,8404731614,1831.7,UK pounds,UK pounds,UK,UK,Cash Deposit
11:00:23,5/7/2026,9793621885,6546503021,1006.32,UK pounds,UK pounds,UK,UK,Credit card
11:00:24,5/7/2026,3168051873,6138274964,5225.06,UK pounds,UK pounds,UK,UK,ACH
11:00:25,5/7/2026,3442706849,7332435745,3014.24,UK pounds,UK pounds,UK,UK,Credit card
11:00:28,5/7/2026,4304585899,7043065995,16860.42,UK pounds,UK pounds,UK,UK,Cheque
11:00:29,5/7/2026,8203229522,5254058209,4368.21,UK pounds,Dirham,UK,UAE,Cross-border
11:00:37,5/7/2026,2584489906,6631219659,4337.45,UK pounds,UK pounds,UK,UK,ACH
11:00:40,5/7/2026,1030676446,8587712416,11017.78,UK pounds,UK pounds,UK,UK,ACH
11:00:41,5/7/2026,5979365359,409707192,9634.66,UK pounds,UK pounds,UK,UK,Credit card
11:00:42,5/7/2026,7112155747,7079755654,17296.61,UK pounds,UK pounds,UK,UK,Cheque
11:00:47,5/7/2026,8967402463,9973181652,193.63,UK pounds,UK pounds,UK,UK,Debit card
11:00:50,5/7/2026,8620546903,3066321263,5093.22,UK pounds,UK pounds,UK,UK,Cheque
11:00:55,5/7/2026,8159558514,7560612749,1951.14,UK pounds,UK pounds,UK,UK,ACH
11:00:56,5/7/2026,1915450576,4701651456,9259.26,UK pounds,UK pounds,UK,UK,Credit card
11:00:59,5/7/2026,7877700106,2534644942,25336.71,UK pounds,Euro,UK,France,Cross-border
11:01:03,5/7/2026,3135838003,5363117119,7585.32,UK pounds,UK pounds,UK,UK,Cheque
11:01:05,5/7/2026,3452368468,8619713223,14178.11,UK pounds,UK pounds,UK,UK,Cheque
11:01:05,5/7/2026,7746906760,9484198252,927.49,UK pounds,Euro,UK,Spain,Cross-border
11:01:11,5/7/2026,3883907165,9010197139,7295.45,UK pounds,UK pounds,UK,UK,Credit card
11:01:14,5/7/2026,3614082527,3833545196,15188.07,UK pounds,UK pounds,UK,UK,ACH
11:01:14,5/7/2026,8138206089,8959912734,264.82,UK pounds,UK pounds,UK,UK,Cheque
11:01:15,5/7/2026,2552379760,7237750627,1556.2,UK pounds,UK pounds,UK,UK,ACH
11:01:15,5/7/2026,9525917254,6279440406,3319.08,UK pounds,UK pounds,UK,UK,Cash Deposit
11:01:16,5/7/2026,4431695079,4028018273,8447.47,UK pounds,UK pounds,UK,UK,Cheque
11:01:16,5/7/2026,5675451055,9908487592,1546.95,UK pounds,UK pounds,UK,UK,Credit card
11:01:17,5/7/2026,5393610375,1210225038,973.76,UK pounds,UK pounds,UK,UK,Credit card
11:01:19,5/7/2026,7421451752,2755709071,5855.85,UK pounds,UK pounds,UK,UK,ACH
11:01:20,5/7/2026,1843365823,5466123934,9179.51,UK pounds,UK pounds,UK,UK,Cheque
11:01:21,5/7/2026,6109062028,1320927231,10323.09,UK pounds,UK pounds,UK,UK,Debit card
11:01:23,5/7/2026,1522882325,3881049690,1652.92,UK pounds,UK pounds,UK,UK,ACH
11:01:24,5/7/2026,5962619811,9408792082,4815.91,UK pounds,UK pounds,UK,UK,Cash Deposit
11:01:24,5/7/2026,2609955485,2591280855,5931.36,UK pounds,UK pounds,UK,UK,Cheque
11:01:24,5/7/2026,27721201,1538331336,3459.89,Pakistani rupee,UK pounds,Pakistan,UK,Cross-border
11:01:31,5/7/2026,9415324268,3770534770,3707.74,UK pounds,UK pounds,UK,UK,Cheque
11:01:32,5/7/2026,9007109501,9432959290,2049.02,UK pounds,UK pounds,UK,UK,Debit card
11:01:32,5/7/2026,5811321937,2489458907,4536.47,UK pounds,UK pounds,UK,UK,Debit card
11:01:32,5/7/2026,2797271466,4528663768,7488.6,Naira,UK pounds,UK,UK,ACH
11:01:33,5/7/2026,9257385517,6647888917,2102.15,UK pounds,UK pounds,UK,UK,Credit card
11:01:39,5/7/2026,2797271466,8954944757,7586.68,UK pounds,UK pounds,UK,UK,Credit card
11:01:41,5/7/2026,5354297720,5628674969,8519.1,Mexican Peso,UK pounds,Mexico,UK,Cross-border
11:01:44,5/7/2026,9200802467,1377603863,5368.58,UK pounds,UK pounds,UK,UK,ACH
11:01:46,5/7/2026,9734083970,7577540230,7314.98,UK pounds,UK pounds,UK,UK,Cheque
11:01:47,5/7/2026,9003006754,8572426655,261.89,UK pounds,UK pounds,UK,UK,ACH
11:01:48,5/7/2026,1988222610,7209654401,424.16,UK pounds,UK pounds,UK,UK,ACH
11:01:50,5/7/2026,4480073652,1086503953,2472.73,UK pounds,UK pounds,UK,UK,Cheque
11:01:51,5/7/2026,9396153063,7945213557,407.99,UK pounds,UK pounds,UK,UK,ACH
11:01:52,5/7/2026,7758268667,4048410232,17913.88,UK pounds,UK pounds,UK,UK,Debit card
11:01:55,5/7/2026,2749285893,1880112406,475.54,UK pounds,Pakistani rupee,UK,UK,Credit card
11:01:57,5/7/2026,6494524357,8346024022,3190.05,UK pounds,UK pounds,UK,UK,Credit card
11:01:58,5/7/2026,544871928,3482203845,2220.51,UK pounds,UK pounds,UK,UK,Credit card
11:01:59,5/7/2026,4477003260,2401708948,20430.29,UK pounds,UK pounds,UK,UK,Credit card
11:02:01,5/7/2026,2514923246,6781239823,15800.42,UK pounds,UK pounds,UK,UK,Debit card
11:02:02,5/7/2026,1796432131,3299165287,1574.93,UK pounds,UK pounds,UK,UK,Debit card
11:02:04,5/7/2026,5801374323,5268823148,12085.8,UK pounds,UK pounds,UK,UK,Credit card
11:02:12,5/7/2026,7882533260,2279689694,8164.87,UK pounds,UK pounds,UK,UK,ACH
11:02:15,5/7/2026,5762331797,2289629398,3735.21,UK pounds,UK pounds,UK,UK,Credit card
11:02:17,5/7/2026,2118817860,6070907824,2081.47,UK pounds,UK pounds,UK,UK,ACH
11:02:20,5/7/2026,8389148416,1363901484,10169.46,UK pounds,UK pounds,UK,UK,Credit card
11:02:22,5/7/2026,6086421020,7011505686,11280.89,Dirham,Euro,UK,Italy,Cross-border
11:02:22,5/7/2026,374656574,2394070720,3535.97,UK pounds,UK pounds,UK,UK,Cheque
11:02:23,5/7/2026,9534729015,4787209426,11919.75,UK pounds,UK pounds,UK,UK,Cheque
11:02:25,5/7/2026,1915450576,3772874052,11045.68,UK pounds,Turkish lira,UK,Turkey,Cross-border
11:02:25,5/7/2026,3293364553,1324602523,97.16,UK pounds,UK pounds,UK,UK,ACH
11:02:28,5/7/2026,1224339032,6589505879,2652.61,UK pounds,UK pounds,UK,UK,Cash Deposit
11:02:30,5/7/2026,5021785800,4808988417,9293.98,UK pounds,UK pounds,UK,UK,ACH
11:02:35,5/7/2026,7179266246,8126009332,2552.37,UK pounds,UK pounds,UK,UK,Cash Deposit
11:02:37,5/7/2026,8430816457,2962679067,3059.18,UK pounds,UK pounds,UK,UK,Credit card
11:02:38,5/7/2026,5468170213,6053702752,5124.91,UK pounds,UK pounds,UK,UK,ACH
11:02:38,5/7/2026,6904668523,1140410616,4993.46,UK pounds,UK pounds,UK,UK,Debit card
11:02:44,5/7/2026,3682462176,5691150723,294.75,UK pounds,UK pounds,UK,UK,Cheque
11:02:46,5/7/2026,1661874371,6636706962,1515.43,UK pounds,UK pounds,UK,UK,Credit card
11:02:49,5/7/2026,6225074603,3220735304,14538.93,UK pounds,UK pounds,UK,UK,Cheque
11:02:50,5/7/2026,7321429671,2860319172,165.39,UK pounds,UK pounds,UK,UK,Debit card
11:02:54,5/7/2026,3107015826,9907210327,391.76,UK pounds,UK pounds,UK,UK,Cheque
11:02:56,5/7/2026,1378784400,8410469287,8816.58,UK pounds,UK pounds,UK,UK,Cheque
11:02:56,5/7/2026,6086421020,1695365423,6492.6,UK pounds,UK pounds,UK,UK,Credit card
11:02:56,5/7/2026,6116657264,578267324,11436.95,UK pounds,UK pounds,UK,UK,ACH
11:02:58,5/7/2026,3567089560,4547973270,6623.92,UK pounds,Euro,UK,Italy,Cross-border
11:02:58,5/7/2026,604321999,9693438765,167.79,UK pounds,UK pounds,UK,UK,Cash Withdrawal
11:03:00,5/7/2026,1710329832,8172080174,5216.53,UK pounds,UK pounds,UK,UK,Debit card
11:03:03,5/7/2026,8852871951,3695545812,5061.2,UK pounds,UK pounds,UK,UK,ACH
11:03:04,5/7/2026,1645558162,8172080174,11000.56,UK pounds,UK pounds,UK,UK,Credit card
11:03:07,5/7/2026,8203229522,2176869707,18836.83,UK pounds,UK pounds,UK,UK,ACH
11:03:08,5/7/2026,2836869610,1923987358,1041.61,UK pounds,UK pounds,UK,UK,Cheque
11:03:09,5/7/2026,4974891726,4875029298,1568.94,UK pounds,UK pounds,UK,UK,ACH
11:03:10,5/7/2026,7584000699,2042062597,3645.33,UK pounds,UK pounds,UK,UK,ACH
11:03:11,5/7/2026,7674756610,4336977506,13189.48,UK pounds,UK pounds,UK,UK,Credit card
11:03:20,5/7/2026,8430816457,3176941770,1082.63,UK pounds,UK pounds,UK,UK,Cheque
11:03:21,5/7/2026,2544092504,4704308480,11546.34,UK pounds,UK pounds,UK,UK,Credit card
11:03:24,5/7/2026,6173713420,3333242920,19268.37,UK pounds,UK pounds,UK,UK,ACH
11:03:25,5/7/2026,1340109383,1801973148,222.89,UK pounds,UK pounds,UK,UK,Credit card
11:03:27,5/7/2026,9195060952,4270865741,12663.85,UK pounds,UK pounds,UK,UK,Credit card
11:03:28,5/7/2026,6086421020,7141835964,8028.94,UK pounds,UK pounds,UK,UK,Debit card
11:03:33,5/7/2026,2163495423,5188417590,3454.45,UK pounds,UK pounds,UK,UK,Cash Deposit
11:03:39,5/7/2026,7529602915,2130725685,853.81,UK pounds,UK pounds,UK,UK,Debit card
11:03:41,5/7/2026,1642448421,4683305616,286.58,UK pounds,UK pounds,UK,UK,Credit card
11:03:43,5/7/2026,2101877453,621060264,10456.69,UK pounds,UK pounds,UK,UK,Debit card
11:03:44,5/7/2026,8203229522,8818164834,4730.38,UK pounds,UK pounds,UK,UK,ACH
11:03:51,5/7/2026,5338301445,3730833224,161.54,UK pounds,UK pounds,UK,UK,Cheque
11:03:55,5/7/2026,2407184317,2833895088,2818.67,UK pounds,UK pounds,UK,UK,ACH
11:03:56,5/7/2026,8456279067,7743294128,22299.21,UK pounds,UK pounds,UK,UK,Credit card
11:03:57,5/7/2026,1855785042,9582770365,1301.85,UK pounds,UK pounds,UK,UK,Debit card
11:03:58,5/7/2026,8126974238,1960345643,17166.97,UK pounds,UK pounds,UK,UK,Credit card
11:04:00,5/7/2026,1915450576,7468510228,5331.08,UK pounds,UK pounds,UK,UK,Cheque
11:04:01,5/7/2026,7503193576,8358075286,1707.92,UK pounds,UK pounds,UK,UK,Cash Deposit
11:04:02,5/7/2026,1378784400,954066234,6098,UK pounds,UK pounds,UK,UK,Cheque
11:04:02,5/7/2026,1435792489,6250134705,1391.45,UK pounds,UK pounds,UK,UK,Credit card
11:04:08,5/7/2026,5594636802,8848119674,273.22,UK pounds,UK pounds,UK,UK,Credit card
11:04:08,5/7/2026,8813806690,5708936901,10140.98,UK pounds,UK pounds,UK,UK,ACH
11:04:09,5/7/2026,8413340671,2138505015,6691.95,UK pounds,Dirham,UK,UAE,Cross-border
11:04:09,5/7/2026,3306225869,3938282574,2384.2,UK pounds,UK pounds,UK,UK,Debit card
11:04:11,5/7/2026,3709430533,8716511495,9839.01,UK pounds,UK pounds,UK,UK,Debit card
11:04:13,5/7/2026,2657142247,4908949299,5521.9,UK pounds,UK pounds,UK,UK,ACH
11:04:16,5/7/2026,1369330563,6103470421,54.46,UK pounds,UK pounds,UK,UK,Debit card
11:04:17,5/7/2026,156152202,7270050124,63.52,UK pounds,UK pounds,UK,UK,Cheque
11:04:18,5/7/2026,8915239131,5794452933,2313.99,UK pounds,UK pounds,UK,UK,Debit card
11:04:21,5/7/2026,4723297015,427988865,17378.39,UK pounds,UK pounds,UK,UK,ACH
11:04:23,5/7/2026,7924551009,7199625988,15772.75,UK pounds,UK pounds,UK,UK,ACH
11:04:25,5/7/2026,7421451752,4009702480,12627.54,UK pounds,UK pounds,UK,UK,Debit card
11:04:26,5/7/2026,1048749723,2284498805,6084.07,UK pounds,UK pounds,UK,UK,Debit card
11:04:27,5/7/2026,577171151,9073695759,5690.55,UK pounds,UK pounds,UK,UK,Credit card
11:04:28,5/7/2026,3609538292,4376282024,2115.24,UK pounds,UK pounds,UK,UK,Cheque
11:04:31,5/7/2026,8147726877,6646502650,11952.02,UK pounds,Euro,UK,France,Cross-border
11:04:36,5/7/2026,7669236826,6127165731,10927.97,UK pounds,UK pounds,UK,UK,Cheque
11:04:36,5/7/2026,8169244844,8440532770,11718.07,UK pounds,UK pounds,UK,UK,Cheque
11:04:39,5/7/2026,3511049612,5143081994,3201.9,UK pounds,UK pounds,UK,UK,Debit card
11:04:45,5/7/2026,7494507251,8822137236,6749.11,UK pounds,UK pounds,UK,UK,ACH
11:04:47,5/7/2026,6360797080,6538530185,17020.3,UK pounds,UK pounds,UK,UK,Debit card
11:04:53,5/7/2026,1137597187,7220811519,26513.17,UK pounds,UK pounds,UK,UK,Cheque
11:05:00,5/7/2026,1245737583,1980198120,1702.04,UK pounds,UK pounds,UK,UK,Cash Deposit
11:05:01,5/7/2026,5444712556,7199625988,9033.54,UK pounds,UK pounds,UK,UK,Credit card
11:05:08,5/7/2026,7758268667,8969112643,13703.33,UK pounds,UK pounds,UK,UK,Credit card
11:05:10,5/7/2026,3580819562,5109623450,13555.32,UK pounds,UK pounds,UK,UK,Credit card
11:05:10,5/7/2026,3262760251,3695545812,20705.94,UK pounds,UK pounds,UK,UK,Debit card
11:05:11,5/7/2026,9285607046,7978449239,4895.25,UK pounds,UK pounds,UK,UK,Cash Deposit
11:05:13,5/7/2026,9880098011,7892884492,16738.96,UK pounds,US dollar,UK,USA,Cross-border
11:05:14,5/7/2026,8115376099,1712828717,11502.02,UK pounds,UK pounds,UK,UK,Credit card
11:05:25,5/7/2026,222127079,5858369125,7769.49,UK pounds,UK pounds,UK,UK,Debit card
11:05:29,5/7/2026,7352447338,156068548,1021.93,UK pounds,UK pounds,UK,UK,Credit card
11:05:29,5/7/2026,1269968046,6100571572,4383.33,UK pounds,UK pounds,UK,UK,ACH
11:05:30,5/7/2026,6212392715,8619444777,17654.09,UK pounds,UK pounds,UK,UK,Cheque
11:05:32,5/7/2026,6148992716,5628674969,7385.33,UK pounds,UK pounds,UK,UK,Debit card
11:05:35,5/7/2026,7746588679,1295640104,5737.11,UK pounds,UK pounds,UK,UK,Debit card
11:05:35,5/7/2026,5219335403,336247113,2040.95,UK pounds,UK pounds,UK,UK,Debit card
11:05:42,5/7/2026,3432619033,5466123934,14395.38,UK pounds,UK pounds,UK,UK,Cheque
11:05:44,5/7/2026,9746384104,8939055432,4992.63,UK pounds,UK pounds,UK,UK,Credit card
11:05:44,5/7/2026,5054961591,641750211,2540.57,UK pounds,UK pounds,UK,UK,Debit card
11:05:45,5/7/2026,5595927322,1549422640,6395.93,UK pounds,UK pounds,UK,UK,Debit card
11:05:45,5/7/2026,4420837597,3487233690,32896.27,Mexican Peso,UK pounds,UK,UK,Debit card
11:05:48,5/7/2026,3030213922,1377603863,7223.77,UK pounds,UK pounds,UK,UK,ACH
11:05:48,5/7/2026,6796513462,941929409,307.69,UK pounds,UK pounds,UK,UK,Credit card
11:05:48,5/7/2026,9811317821,184266234,1870.06,UK pounds,UK pounds,UK,UK,Debit card
11:05:49,5/7/2026,2366204772,5584122533,3429.83,UK pounds,UK pounds,UK,UK,Credit card
11:05:51,5/7/2026,8456279067,4629995866,28254.86,UK pounds,UK pounds,UK,UK,ACH
11:05:53,5/7/2026,9828143010,5628674969,8318.45,UK pounds,UK pounds,UK,UK,ACH
11:05:54,5/7/2026,6238319034,1606853336,2599.77,UK pounds,UK pounds,UK,UK,Cheque
11:05:55,5/7/2026,2438139688,4100194033,856.56,UK pounds,UK pounds,UK,UK,Debit card
11:05:55,5/7/2026,7226383929,1570231448,23662.78,UK pounds,UK pounds,UK,UK,ACH
11:05:56,5/7/2026,6376077786,3079818547,13649.23,UK pounds,UK pounds,UK,UK,Credit card
11:05:57,5/7/2026,8753052544,5442384483,15994.27,UK pounds,UK pounds,UK,UK,Cheque
11:06:01,5/7/2026,3440654296,8172080174,5585.51,UK pounds,UK pounds,UK,UK,Debit card
11:06:03,5/7/2026,7782575115,5913673572,1250.24,UK pounds,UK pounds,UK,UK,Debit card
11:06:04,5/7/2026,6819357730,4733165071,2672.03,UK pounds,UK pounds,UK,UK,Debit card
11:06:06,5/7/2026,8824227483,6428166813,18593.38,UK pounds,UK pounds,UK,UK,Credit card
11:06:06,5/7/2026,1182528804,2534644942,12424.26,UK pounds,Euro,UK,France,Cross-border
11:06:07,5/7/2026,2072269456,4505551578,2776.85,UK pounds,UK pounds,UK,UK,Debit card
11:06:08,5/7/2026,1150155424,4221771322,4897.93,Euro,UK pounds,Austria,UK,Cross-border
11:06:08,5/7/2026,6753493104,9982478398,36.02,UK pounds,UK pounds,UK,UK,Credit card
11:06:09,5/7/2026,2981214459,7160736915,5479.68,UK pounds,UK pounds,UK,UK,ACH
11:06:09,5/7/2026,2365007895,7623292529,15969.58,UK pounds,UK pounds,UK,UK,Cheque
11:06:12,5/7/2026,7501327339,6357364082,5662.63,UK pounds,UK pounds,UK,UK,ACH
11:06:14,5/7/2026,4679947723,9583573888,1459.87,UK pounds,UK pounds,UK,UK,Credit card
11:06:15,5/7/2026,2320387917,1465487567,17284.13,UK pounds,UK pounds,UK,UK,Cheque
11:06:19,5/7/2026,8967605247,93642419,5065.8,UK pounds,UK pounds,UK,UK,Credit card
11:06:21,5/7/2026,4223708607,6444220418,10425.35,UK pounds,UK pounds,UK,UK,Debit card
11:06:25,5/7/2026,3108280261,3324246812,8094.26,UK pounds,Turkish lira,UK,Turkey,Cross-border
11:06:31,5/7/2026,8226004617,7882830295,2743.55,UK pounds,UK pounds,UK,UK,Cash Deposit
11:06:36,5/7/2026,9588577727,3220735304,7883.51,UK pounds,UK pounds,UK,UK,Cheque
11:06:37,5/7/2026,2365007895,2166082350,4688.34,UK pounds,UK pounds,UK,UK,Cheque
11:06:40,5/7/2026,3658332196,1465487567,11687.34,UK pounds,UK pounds,UK,UK,Cheque
11:06:41,5/7/2026,9687980558,8808710985,6541.84,UK pounds,UK pounds,UK,UK,Cheque
11:06:42,5/7/2026,9393500566,8793249496,17865.65,UK pounds,UK pounds,UK,UK,Cheque
11:06:43,5/7/2026,687534291,1757118638,30921.11,UK pounds,UK pounds,UK,UK,Credit card
11:06:48,5/7/2026,4658015581,7999834197,122.82,UK pounds,UK pounds,UK,UK,Cheque
11:06:48,5/7/2026,3510078932,8722924810,8061.51,UK pounds,Albanian lek,UK,Albania,Cross-border
11:06:49,5/7/2026,138146654,2136084447,1022.26,UK pounds,Turkish lira,UK,UK,Cash Deposit
11:06:49,5/7/2026,3615998000,7879979420,339.59,UK pounds,US dollar,UK,USA,Cross-border
11:06:53,5/7/2026,9274437507,2451985850,691.68,UK pounds,UK pounds,UK,UK,Cash Deposit
11:06:57,5/7/2026,6070690189,2683467887,730.22,UK pounds,UK pounds,UK,UK,Cheque
11:06:58,5/7/2026,5019450317,7024626444,325.04,UK pounds,UK pounds,UK,UK,Credit card
11:07:01,5/7/2026,4684070958,7561906431,1051.98,UK pounds,UK pounds,UK,UK,Credit card
11:07:01,5/7/2026,1843365823,5466123934,9139.26,UK pounds,UK pounds,UK,UK,Debit card
11:07:02,5/7/2026,5612269556,6892426366,6949.68,UK pounds,UK pounds,UK,UK,Credit card
11:07:03,5/7/2026,9392700144,7713641622,9890.59,UK pounds,UK pounds,UK,UK,Credit card
11:07:06,5/7/2026,6422599500,714400692,3138.24,UK pounds,UK pounds,UK,UK,Credit card
11:07:08,5/7/2026,6738148173,7193900903,4045.85,UK pounds,UK pounds,UK,UK,ACH
11:07:08,5/7/2026,5021785800,5064372260,10017.97,UK pounds,UK pounds,UK,UK,ACH
11:07:08,5/7/2026,9289636078,6561906114,8258.97,UK pounds,UK pounds,UK,UK,Credit card
11:07:09,5/7/2026,8456279067,1194597483,9362.44,UK pounds,UK pounds,UK,UK,Debit card
11:07:10,5/7/2026,9046747337,3098258591,1332.59,UK pounds,UK pounds,UK,UK,Cash Deposit
11:07:15,5/7/2026,5706877708,7892884492,9204.78,UK pounds,US dollar,UK,USA,Cross-border
11:07:18,5/7/2026,9187235128,4417393799,770.65,UK pounds,UK pounds,UK,UK,Debit card
11:07:19,5/7/2026,3697918511,7160736915,6639.77,UK pounds,UK pounds,UK,UK,Credit card
11:07:20,5/7/2026,8203229522,9897263201,12866.62,UK pounds,UK pounds,UK,UK,Credit card
11:07:22,5/7/2026,5185722813,741570783,412.47,UK pounds,UK pounds,UK,UK,Credit card
11:07:22,5/7/2026,6208213205,2959192529,21664.05,UK pounds,UK pounds,UK,UK,Debit card
11:07:25,5/7/2026,9136318143,2138505015,7200.8,UK pounds,Dirham,UK,UAE,Cross-border
11:07:26,5/7/2026,4121324384,3732455271,9627.19,Euro,UK pounds,Spain,UK,Cross-border
11:07:26,5/7/2026,9184102612,6298543467,598.87,UK pounds,UK pounds,UK,UK,ACH
11:07:32,5/7/2026,7067575476,5561830373,16829.26,UK pounds,UK pounds,UK,UK,Debit card
11:07:32,5/7/2026,5036433877,1881336524,4802.86,UK pounds,UK pounds,UK,UK,Cheque
11:07:33,5/7/2026,3497124400,7805822905,5485.08,UK pounds,UK pounds,UK,UK,ACH
11:07:34,5/7/2026,4985237751,8766539897,21983.75,UK pounds,UK pounds,UK,UK,Cheque
11:07:36,5/7/2026,8867140111,3095652062,807.77,UK pounds,UK pounds,UK,UK,ACH
11:07:37,5/7/2026,6077900993,6609117934,2850.53,UK pounds,UK pounds,UK,UK,Credit card
11:07:38,5/7/2026,4325952441,8998967958,960.61,UK pounds,UK pounds,UK,UK,Debit card
11:07:38,5/7/2026,4554217488,9781717277,3282.59,UK pounds,UK pounds,UK,UK,Credit card
11:07:42,5/7/2026,8987848252,7140265767,5324.7,UK pounds,UK pounds,UK,UK,ACH
11:07:44,5/7/2026,7358038261,4173195094,6047.72,UK pounds,UK pounds,UK,UK,Credit card
11:07:44,5/7/2026,4781585854,6943673047,1180.2,UK pounds,UK pounds,UK,UK,Debit card
11:07:45,5/7/2026,5263982631,7080357663,27492.73,Yen,UK pounds,Japan,UK,Cross-border
11:07:45,5/7/2026,8132617827,5466123934,10335.4,UK pounds,UK pounds,UK,UK,Credit card
11:07:47,5/7/2026,1378784400,7373473711,10893.97,UK pounds,UK pounds,UK,UK,Credit card
11:07:50,5/7/2026,3683639470,3066321263,13028.43,UK pounds,UK pounds,UK,UK,ACH
11:07:54,5/7/2026,7385540908,2714399420,23282.12,Yen,UK pounds,Japan,UK,Cross-border
11:07:56,5/7/2026,9670851538,3555966786,2299.85,UK pounds,UK pounds,UK,UK,Cheque
11:08:00,5/7/2026,2148442816,7759603524,125.5,UK pounds,UK pounds,UK,UK,Cash Withdrawal
11:08:01,5/7/2026,65877661,1426810755,6747.2,UK pounds,UK pounds,UK,UK,ACH
11:08:03,5/7/2026,8753052544,5442384483,14826.24,UK pounds,UK pounds,UK,UK,Debit card
11:08:04,5/7/2026,4592601612,7633688538,27227.6,UK pounds,UK pounds,UK,UK,Debit card
11:08:09,5/7/2026,9207959583,3540794456,9417.49,UK pounds,UK pounds,UK,UK,Debit card
11:08:10,5/7/2026,4493197881,7050327878,1406.63,UK pounds,UK pounds,UK,UK,Debit card
11:08:12,5/7/2026,3072598521,8630546365,2472.19,UK pounds,UK pounds,UK,UK,Cash Deposit
11:08:13,5/7/2026,9469442466,3066321263,18669.19,UK pounds,UK pounds,UK,UK,Credit card
11:08:24,5/7/2026,3266138487,9809273177,6463.51,UK pounds,UK pounds,UK,UK,Cheque
11:08:27,5/7/2026,9598349393,8518184956,6965.77,UK pounds,UK pounds,UK,UK,Debit card
11:08:29,5/7/2026,8942092633,9278139252,85.91,UK pounds,Euro,UK,Germany,Cross-border
11:08:31,5/7/2026,5611156657,3697911326,2231.29,UK pounds,UK pounds,UK,UK,Cash Deposit
11:08:32,5/7/2026,6253425393,4706850245,2476.12,UK pounds,UK pounds,UK,UK,Debit card
11:08:32,5/7/2026,6781239823,2514923246,4445.74,UK pounds,UK pounds,UK,UK,Debit card
11:08:39,5/7/2026,161356780,5522856978,276.79,UK pounds,UK pounds,UK,UK,Debit card
11:08:39,5/7/2026,2865033012,1320927231,5273.31,UK pounds,UK pounds,UK,UK,ACH
11:08:39,5/7/2026,8039556217,2931562863,1720.19,UK pounds,UK pounds,UK,UK,ACH
11:08:40,5/7/2026,1074859180,5363117119,17314.95,UK pounds,UK pounds,UK,UK,ACH
11:08:40,5/7/2026,6086421020,4967072739,4813.84,UK pounds,UK pounds,UK,UK,Credit card
11:08:42,5/7/2026,1378784400,8410469287,9035.05,UK pounds,UK pounds,UK,UK,Credit card
11:08:42,5/7/2026,9142095021,9063994130,1324.7,UK pounds,UK pounds,UK,UK,Cheque
11:08:42,5/7/2026,9261836642,7080357663,13679.33,UK pounds,UK pounds,UK,UK,Credit card
11:08:42,5/7/2026,2177044140,8475316869,7474.58,UK pounds,UK pounds,UK,UK,Cheque
11:08:44,5/7/2026,868568688,5708936901,12725.26,UK pounds,UK pounds,UK,UK,Credit card
11:08:53,5/7/2026,7613130988,473341337,3036.81,UK pounds,UK pounds,UK,UK,ACH
11:08:54,5/7/2026,5464175742,163477257,7334.49,UK pounds,UK pounds,UK,UK,ACH
11:08:57,5/7/2026,7590592049,8355436243,3231.15,UK pounds,UK pounds,UK,UK,Credit card
11:08:57,5/7/2026,6651217471,7913365138,42769.2,UK pounds,UK pounds,UK,UK,Credit card
11:08:58,5/7/2026,3636841696,7570488238,187.98,UK pounds,UK pounds,UK,UK,Cash Withdrawal
11:08:59,5/7/2026,6485870030,6051541355,979.83,UK pounds,UK pounds,UK,UK,ACH
11:09:00,5/7/2026,9711400591,320635316,159.87,UK pounds,UK pounds,UK,UK,Cash Withdrawal
11:09:02,5/7/2026,8987848252,338940099,8440.45,UK pounds,UK pounds,UK,UK,Cheque
11:09:07,5/7/2026,9534729015,6566600689,20661.94,UK pounds,UK pounds,UK,UK,Debit card
11:09:10,5/7/2026,3400999741,4640981576,1374.04,UK pounds,UK pounds,UK,UK,Debit card
11:09:11,5/7/2026,7222999901,5621851649,968.05,UK pounds,UK pounds,UK,UK,ACH
11:09:12,5/7/2026,2126868617,4539693457,7394.15,UK pounds,UK pounds,UK,UK,Credit card
11:09:12,5/7/2026,6208213205,2959192529,2464.34,UK pounds,UK pounds,UK,UK,ACH
11:09:16,5/7/2026,7107443050,9307113198,3133.86,UK pounds,UK pounds,UK,UK,ACH
11:09:20,5/7/2026,2896584582,6911723931,1737.71,UK pounds,UK pounds,UK,UK,ACH
11:09:26,5/7/2026,3011203127,5858369125,6005.88,UK pounds,UK pounds,UK,UK,Debit card
11:09:27,5/7/2026,2881514469,9141049561,265.26,UK pounds,UK pounds,UK,UK,Credit card
11:09:30,5/7/2026,9628306211,9772730467,41.66,UK pounds,UK pounds,UK,UK,Debit card
11:09:33,5/7/2026,3168051873,9923312753,12412.93,UK pounds,UK pounds,UK,UK,ACH
11:09:34,5/7/2026,2797271466,210242051,7646.32,UK pounds,UK pounds,UK,UK,Credit card
11:09:35,5/7/2026,3168051873,365650600,8172.69,UK pounds,UK pounds,UK,UK,Debit card
11:09:35,5/7/2026,2591149052,2952755323,3902.28,UK pounds,UK pounds,UK,UK,Cheque
11:09:37,5/7/2026,8389148416,2815444709,5170.5,UK pounds,UK pounds,UK,UK,Debit card
11:09:38,5/7/2026,3168051873,9923312753,12276.99,UK pounds,UK pounds,UK,UK,Credit card
11:09:43,5/7/2026,9003685740,3725179699,3751.94,UK pounds,UK pounds,UK,UK,Cash Deposit
11:09:43,5/7/2026,5982914936,7629589738,5727.58,UK pounds,UK pounds,UK,UK,Cheque
11:09:45,5/7/2026,1730350525,4336977506,7204.84,UK pounds,UK pounds,UK,UK,ACH
11:09:48,5/7/2026,4121324384,1321335569,8452.53,Euro,UK pounds,Spain,UK,Cross-border
11:09:48,5/7/2026,1304411851,5708936901,10437.88,UK pounds,UK pounds,UK,UK,Cheque
11:09:49,5/7/2026,5560320217,7803705021,1633.47,UK pounds,UK pounds,UK,UK,Cash Deposit
11:09:52,5/7/2026,8523021855,2534644942,13405.1,UK pounds,Euro,UK,France,Cross-border
11:09:54,5/7/2026,9481318728,4270865741,8669.2,UK pounds,UK pounds,UK,UK,Credit card
11:09:56,5/7/2026,2335777366,6278601433,1095.87,UK pounds,UK pounds,UK,UK,Debit card
11:10:01,5/7/2026,7161168317,152587544,227.61,UK pounds,UK pounds,UK,UK,ACH
11:10:03,5/7/2026,8052801346,4175678432,2027.11,UK pounds,Mexican Peso,UK,UK,ACH
11:10:04,5/7/2026,2045644966,621060264,7017.58,Euro,UK pounds,UK,UK,ACH
11:10:04,5/7/2026,5896510161,1377603863,7577.22,UK pounds,UK pounds,UK,UK,Credit card
11:10:05,5/7/2026,8003608688,6034997194,33667.87,UK pounds,UK pounds,UK,UK,Cheque
11:10:06,5/7/2026,3709430533,2300358725,12497.1,UK pounds,UK pounds,UK,UK,Cheque
11:10:07,5/7/2026,5644780858,5275284342,1591.64,UK pounds,UK pounds,UK,UK,Cheque
11:10:09,5/7/2026,9371498931,245020670,331.57,UK pounds,UK pounds,UK,UK,Credit card
11:10:10,5/7/2026,7394568083,8858401300,2991.18,UK pounds,UK pounds,UK,UK,Cash Deposit
11:10:11,5/7/2026,7507778325,5233263857,5627.25,UK pounds,UK pounds,UK,UK,Cheque
11:10:13,5/7/2026,2215405780,3302664906,12145.86,UK pounds,UK pounds,UK,UK,Credit card
11:10:24,5/7/2026,7551204703,8851167144,1462.57,UK pounds,UK pounds,UK,UK,Credit card
11:10:25,5/7/2026,5955159897,6034997194,13325.37,Euro,UK pounds,Germany,UK,Cross-border
11:10:25,5/7/2026,8952177221,6424463145,12477.96,UK pounds,UK pounds,UK,UK,Credit card
11:10:25,5/7/2026,8318954772,9170792542,1610.11,UK pounds,UK pounds,UK,UK,Cheque
11:10:26,5/7/2026,3168051873,5677353991,4878.15,UK pounds,UK pounds,UK,UK,Debit card
11:10:27,5/7/2026,9165074186,3695545812,7359.35,UK pounds,UK pounds,UK,UK,Credit card
11:10:32,5/7/2026,1929116626,7892884492,24469.22,UK pounds,US dollar,UK,USA,Cross-border
11:10:33,5/7/2026,5631378216,5628674969,8978.58,UK pounds,UK pounds,UK,UK,ACH
11:10:33,5/7/2026,7758268667,9088520781,4509,UK pounds,UK pounds,UK,UK,Cheque
11:10:37,5/7/2026,2241044938,4524191742,2571.07,UK pounds,UK pounds,UK,UK,Credit card
11:10:37,5/7/2026,198403508,1316458123,4560.82,UK pounds,Mexican Peso,UK,Mexico,Cross-border
11:10:40,5/7/2026,478240506,1623849740,2814.86,UK pounds,UK pounds,UK,UK,Cheque
11:10:41,5/7/2026,7827679101,4270865741,10555.19,UK pounds,UK pounds,UK,UK,Debit card
11:10:44,5/7/2026,4336547198,329930572,5160.59,UK pounds,UK pounds,UK,UK,ACH
11:10:45,5/7/2026,7570914310,3378942578,63.14,UK pounds,UK pounds,UK,UK,Credit card
11:10:46,5/7/2026,9302522864,5466123934,8556.28,UK pounds,UK pounds,UK,UK,Debit card
11:10:50,5/7/2026,3029183605,8966349114,1965.61,UK pounds,UK pounds,UK,UK,Cash Deposit
11:10:50,5/7/2026,7258656047,1377603863,10061.73,UK pounds,UK pounds,UK,UK,ACH
11:10:53,5/7/2026,9534729015,8950761727,6906.88,UK pounds,UK pounds,UK,UK,ACH
11:10:55,5/7/2026,8487080282,5708936901,5719.48,UK pounds,UK pounds,UK,UK,Debit card
11:10:57,5/7/2026,3879485543,2131509992,23696.46,Naira,UK pounds,UK,UK,Credit card
11:11:00,5/7/2026,569631372,8585368092,6948.76,UK pounds,UK pounds,UK,UK,Cheque
11:11:02,5/7/2026,9836012215,5886355580,3189.41,UK pounds,UK pounds,UK,UK,Cheque
11:11:03,5/7/2026,3443340463,7230775790,1562.4,UK pounds,UK pounds,UK,UK,Credit card
11:11:04,5/7/2026,1378784400,7897279705,5268.26,UK pounds,UK pounds,UK,UK,Credit card
11:11:06,5/7/2026,7421451752,3557538160,4227.51,UK pounds,UK pounds,UK,UK,ACH
11:11:06,5/7/2026,5589612608,6071083181,504.11,UK pounds,UK pounds,UK,UK,Credit card
11:11:09,5/7/2026,9456514108,5109623450,8411.73,UK pounds,UK pounds,UK,UK,Cheque
11:11:09,5/7/2026,963640486,6325553499,3186.59,UK pounds,UK pounds,UK,UK,ACH
11:11:16,5/7/2026,2731219454,1198080698,148.26,UK pounds,UK pounds,UK,UK,Cash Withdrawal
11:11:19,5/7/2026,8212330109,2534644942,5412.81,UK pounds,Euro,UK,France,Cross-border
11:11:27,5/7/2026,8986192248,3731026923,1721.68,UK pounds,UK pounds,UK,UK,Debit card
11:11:28,5/7/2026,9326182833,8306180896,126.53,UK pounds,UK pounds,UK,UK,ACH
11:11:28,5/7/2026,7501327339,8061984977,9540.51,UK pounds,UK pounds,UK,UK,ACH
11:11:29,5/7/2026,6511284387,399899327,3204.39,UK pounds,UK pounds,UK,UK,Debit card
11:11:29,5/7/2026,6831196529,5551993114,9837.22,UK pounds,UK pounds,UK,UK,Debit card
11:11:30,5/7/2026,3282155790,8295014793,6156.95,UK pounds,UK pounds,UK,UK,Credit card
11:11:31,5/7/2026,4261959518,9721097883,203.01,UK pounds,UK pounds,UK,UK,Cash Deposit
11:11:34,5/7/2026,8694532419,155800702,4510.42,UK pounds,UK pounds,UK,UK,ACH
11:11:36,5/7/2026,3849206129,1592846762,21854.15,UK pounds,UK pounds,UK,UK,Cheque
11:11:37,5/7/2026,4357702926,5688491007,21378.85,UK pounds,UK pounds,UK,UK,Cheque
11:11:38,5/7/2026,8333589663,1465487567,16467.69,UK pounds,UK pounds,UK,UK,Credit card
11:11:38,5/7/2026,4622157955,3091109715,12104.43,UK pounds,UK pounds,UK,UK,ACH
11:11:41,5/7/2026,7479901615,1102186400,317.29,UK pounds,UK pounds,UK,UK,Cheque
11:11:42,5/7/2026,8197072010,137271780,6503.94,UK pounds,UK pounds,UK,UK,ACH
11:11:43,5/7/2026,8389148416,2753383263,5628.41,UK pounds,UK pounds,UK,UK,ACH
11:11:47,5/7/2026,2831014523,9689826880,60840.88,UK pounds,UK pounds,UK,UK,Credit card
11:11:48,5/7/2026,9243779950,3448193802,2888.65,UK pounds,UK pounds,UK,UK,Credit card
11:11:49,5/7/2026,6057444675,9018284593,5706.9,UK pounds,UK pounds,UK,UK,Credit card
11:11:52,5/7/2026,5549289588,4336977506,6830.88,UK pounds,UK pounds,UK,UK,Credit card
11:11:56,5/7/2026,1399204216,709886403,1313.64,UK pounds,UK pounds,UK,UK,Cash Deposit
11:11:59,5/7/2026,1220646142,8172080174,7759.82,Pakistani rupee,UK pounds,Pakistan,UK,Cross-border
11:12:03,5/7/2026,8694680183,7733136101,1203.01,UK pounds,UK pounds,UK,UK,ACH
11:12:03,5/7/2026,544852282,4012599528,7095.39,UK pounds,UK pounds,UK,UK,ACH
11:12:07,5/7/2026,6141403326,5103043844,4966.06,UK pounds,Naira,UK,Nigeria,Cross-border
11:12:12,5/7/2026,1374242794,8658528241,9141.73,UK pounds,UK pounds,UK,UK,Credit card
11:12:12,5/7/2026,328384744,1771641007,9455.77,UK pounds,UK pounds,UK,UK,ACH
11:12:13,5/7/2026,4305368854,8126009332,47379.67,UK pounds,UK pounds,UK,UK,Cheque
11:12:15,5/7/2026,2365007895,2695185687,7981.01,UK pounds,UK pounds,UK,UK,ACH
11:12:28,5/7/2026,1490260385,1377603863,7469.35,UK pounds,UK pounds,UK,UK,ACH
11:12:29,5/7/2026,6972138581,1018744300,59.81,UK pounds,UK pounds,UK,UK,Cheque
11:12:30,5/7/2026,7758268667,4313894778,6617.37,UK pounds,UK pounds,UK,UK,ACH
11:12:30,5/7/2026,6923804165,3765235312,2924.66,UK pounds,UK pounds,UK,UK,Cash Deposit
11:12:38,5/7/2026,2206902878,5109623450,9850.16,UK pounds,UK pounds,UK,UK,Cheque
11:12:39,5/7/2026,1953954268,3449625647,5494.69,UK pounds,UK pounds,UK,UK,ACH
11:12:42,5/7/2026,6404844146,5628674969,6634.66,UK pounds,UK pounds,UK,UK,Credit card
11:12:51,5/7/2026,8033812709,1233768601,7367.42,UK pounds,UK pounds,UK,UK,Cheque
11:12:52,5/7/2026,8987848252,4344045246,10024.19,UK pounds,Swiss franc,UK,Switzerland,Cross-border
11:12:56,5/7/2026,8197302577,8365819134,6123.14,UK pounds,UK pounds,UK,UK,Credit card
11:12:58,5/7/2026,8413340671,2138505015,6689.59,UK pounds,Dirham,UK,UAE,Cross-border
11:12:58,5/7/2026,6116657264,4551716885,9369.46,UK pounds,UK pounds,UK,UK,Cheque
11:13:00,5/7/2026,4244137850,6491106472,998453.63,UK pounds,UK pounds,UK,UK,Debit card
11:13:00,5/7/2026,5982914936,6615626527,22304.23,UK pounds,UK pounds,UK,UK,ACH
11:13:01,5/7/2026,9520717225,166463576,27855.54,UK pounds,UK pounds,UK,UK,Debit card
11:13:02,5/7/2026,4548707055,6601473562,5452.58,UK pounds,UK pounds,UK,UK,Cash Deposit
11:13:02,5/7/2026,7671695099,5312740443,3071.63,UK pounds,UK pounds,UK,UK,Credit card
11:13:03,5/7/2026,1843365823,5466123934,9154.39,UK pounds,UK pounds,UK,UK,Cheque
11:13:04,5/7/2026,2969955007,3221983588,1156.92,UK pounds,UK pounds,UK,UK,ACH
11:13:06,5/7/2026,4121324384,8135174919,10781.3,Euro,UK pounds,Spain,UK,Cross-border
11:13:08,5/7/2026,5021785800,9745680135,12703.36,UK pounds,Yen,UK,Japan,Cross-border
11:13:09,5/7/2026,8775795941,5735522529,321.91,UK pounds,UK pounds,UK,UK,ACH
11:13:14,5/7/2026,2667904128,444750223,8351.66,UK pounds,UK pounds,UK,UK,Debit card
11:13:16,5/7/2026,1915450576,3772874052,11173.36,UK pounds,Turkish lira,UK,Turkey,Cross-border
11:13:18,5/7/2026,6904668523,2055564858,4407.85,UK pounds,UK pounds,UK,UK,Cheque
11:13:22,5/7/2026,2040906068,7357970931,37.8,UK pounds,UK pounds,UK,UK,Cash Withdrawal
11:13:23,5/7/2026,1290703625,7764825563,7205.61,UK pounds,UK pounds,UK,UK,Debit card
11:13:24,5/7/2026,9460711215,8352571580,5857.02,UK pounds,UK pounds,UK,UK,Credit card
11:13:25,5/7/2026,3452368468,5517479211,13467.44,UK pounds,UK pounds,UK,UK,Debit card
11:13:25,5/7/2026,5881364295,5466123934,7486.2,UK pounds,UK pounds,UK,UK,ACH
11:13:30,5/7/2026,5042064131,5628674969,5522.27,UK pounds,UK pounds,UK,UK,Debit card
11:13:33,5/7/2026,5498237402,3724841177,16750.3,UK pounds,UK pounds,UK,UK,Credit card
11:13:34,5/7/2026,7421451752,3557538160,4277.92,UK pounds,UK pounds,UK,UK,Credit card
11:13:37,5/7/2026,8713878179,6855935396,8401.77,UK pounds,UK pounds,UK,UK,Credit card
11:13:37,5/7/2026,2365007895,7142479189,24477.15,UK pounds,UK pounds,UK,UK,ACH
11:13:38,5/7/2026,675669049,6705037126,10964.74,UK pounds,UK pounds,UK,UK,Credit card
11:13:38,5/7/2026,5021785800,3167188969,5652.02,UK pounds,UK pounds,UK,UK,Debit card
11:13:43,5/7/2026,1025527300,9729451408,11232.99,UK pounds,UK pounds,UK,UK,Debit card
11:13:46,5/7/2026,3293686547,3637796552,725.32,UK pounds,UK pounds,UK,UK,Debit card
11:13:46,5/7/2026,2446822729,5708936901,5017.46,UK pounds,UK pounds,UK,UK,ACH
11:13:47,5/7/2026,3933129163,8247392100,3205.85,UK pounds,UK pounds,UK,UK,Debit card
11:13:50,5/7/2026,9021870555,3695545812,6029.34,UK pounds,UK pounds,UK,UK,Cheque
11:13:53,5/7/2026,5982914936,7629589738,5671.45,UK pounds,UK pounds,UK,UK,Credit card
11:13:55,5/7/2026,675669049,4348868412,7285.9,UK pounds,UK pounds,UK,UK,Cheque
11:13:56,5/7/2026,2365007895,9797294707,8940.51,UK pounds,UK pounds,UK,UK,Credit card
11:13:57,5/7/2026,3871712319,6289259988,1503.64,UK pounds,UK pounds,UK,UK,ACH
11:13:58,5/7/2026,4584388496,621060264,6841.29,UK pounds,UK pounds,UK,UK,Debit card
11:13:58,5/7/2026,815197860,1786927494,15615.19,UK pounds,UK pounds,UK,UK,Cheque
11:13:59,5/7/2026,907425485,4125306791,708.92,UK pounds,UK pounds,UK,UK,Cheque
11:13:59,5/7/2026,1378784400,5224271258,17067.84,UK pounds,UK pounds,UK,UK,Cheque
11:14:01,5/7/2026,7758268667,9940921949,9079.43,UK pounds,UK pounds,UK,UK,Cheque
11:14:03,5/7/2026,4228895512,5457238392,132.88,UK pounds,UK pounds,UK,UK,Cash Withdrawal
11:14:07,5/7/2026,1998445733,2454620686,897.19,UK pounds,UK pounds,UK,UK,Cheque
11:14:07,5/7/2026,2009014329,1785963713,3493.89,UK pounds,UK pounds,UK,UK,Cheque
11:14:08,5/7/2026,5399789604,6476585772,2502.46,UK pounds,UK pounds,UK,UK,Cash Deposit
11:14:09,5/7/2026,5557880033,399407811,1835.76,UK pounds,UK pounds,UK,UK,Cheque
11:14:10,5/7/2026,7160736915,7738246427,2777.32,UK pounds,UK pounds,UK,UK,Debit card
11:14:12,5/7/2026,2711608236,8985341710,979.89,UK pounds,UK pounds,UK,UK,Credit card
11:14:14,5/7/2026,1378784400,9278521151,6887.36,UK pounds,UK pounds,UK,UK,Credit card
11:14:15,5/7/2026,1779161997,9972129920,825.71,UK pounds,UK pounds,UK,UK,Debit card
11:14:16,5/7/2026,7501327339,3230579354,11179.46,UK pounds,UK pounds,UK,UK,Cheque
11:14:18,5/7/2026,2312005653,7400128597,9614.29,UK pounds,UK pounds,UK,UK,Credit card
11:14:30,5/7/2026,3098762122,398142807,122.3,UK pounds,UK pounds,UK,UK,Cash Withdrawal
11:14:30,5/7/2026,6090011316,1228571638,679.34,UK pounds,UK pounds,UK,UK,Debit card
11:14:34,5/7/2026,4834180279,2582312191,1473.24,UK pounds,UK pounds,UK,UK,ACH
11:14:39,5/7/2026,2698592594,3695545812,4594.26,UK pounds,UK pounds,UK,UK,ACH
11:14:41,5/7/2026,6126968725,8264808687,2677.84,UK pounds,UK pounds,UK,UK,Cheque
11:14:44,5/7/2026,127154492,5103043844,5048.04,UK pounds,Naira,UK,Nigeria,Cross-border
11:14:45,5/7/2026,3526097821,1013392507,649.3,UK pounds,UK pounds,UK,UK,Debit card
11:14:46,5/7/2026,1491989064,7160767531,8284.53,UK pounds,UK pounds,UK,UK,Cheque
11:14:47,5/7/2026,5848220020,286799236,1952.01,UK pounds,UK pounds,UK,UK,Cheque
11:14:50,5/7/2026,6499777292,1377603863,10539.29,UK pounds,UK pounds,UK,UK,ACH
11:14:51,5/7/2026,3452368468,4889103394,14667.66,UK pounds,UK pounds,UK,UK,Debit card
11:14:51,5/7/2026,6904668523,2361327503,7445.22,UK pounds,UK pounds,UK,UK,Cheque
11:14:53,5/7/2026,4117345189,4575475794,938.67,UK pounds,UK pounds,UK,UK,Cash Deposit
11:14:53,5/7/2026,2797271466,3623805856,4975.25,UK pounds,UK pounds,UK,UK,Credit card
11:14:54,5/7/2026,6401579612,8678802420,10562.1,UK pounds,UK pounds,UK,UK,Credit card
11:14:54,5/7/2026,5802257583,5466123934,7655.97,UK pounds,UK pounds,UK,UK,Cheque
11:14:56,5/7/2026,8456279067,3889335486,14545.75,UK pounds,UK pounds,UK,UK,Cheque
11:14:56,5/7/2026,581151126,6855935396,5065.1,UK pounds,UK pounds,UK,UK,Cheque
11:14:58,5/7/2026,8591892399,7214622038,4921.93,UK pounds,UK pounds,UK,UK,Cheque
11:14:59,5/7/2026,6280994711,5853162563,56.21,UK pounds,UK pounds,UK,UK,Cash Withdrawal
11:14:59,5/7/2026,315360773,9673720029,2487.73,UK pounds,UK pounds,UK,UK,Credit card
11:15:03,5/7/2026,6431038386,4336977506,12747.4,UK pounds,UK pounds,UK,UK,Cheque
11:15:05,5/7/2026,5751050781,1105549394,14659.86,UK pounds,UK pounds,UK,UK,Cheque
11:15:05,5/7/2026,2797271466,4528663768,7433.53,UK pounds,UK pounds,UK,UK,Debit card
11:15:06,5/7/2026,7252414916,621060264,35549.08,UK pounds,UK pounds,UK,UK,ACH
11:15:07,5/7/2026,438735012,5970426514,153.15,UK pounds,UK pounds,UK,UK,Credit card
11:15:08,5/7/2026,3930127189,3220735304,19856.68,UK pounds,UK pounds,UK,UK,Debit card
11:15:10,5/7/2026,8333589663,1465487567,16576.31,UK pounds,UK pounds,UK,UK,Debit card
11:15:13,5/7/2026,7832023136,3960072922,2682.16,UK pounds,UK pounds,UK,UK,Cash Deposit
11:15:13,5/7/2026,7758268667,7889074144,26492,UK pounds,UK pounds,UK,UK,ACH
11:15:19,5/7/2026,9848316613,7080357663,7586.59,UK pounds,UK pounds,UK,UK,ACH
11:15:21,5/7/2026,2028959593,5466123934,4744.68,UK pounds,UK pounds,UK,UK,Debit card
11:15:28,5/7/2026,3146144627,8352571580,9730.27,UK pounds,UK pounds,UK,UK,Debit card
11:15:39,5/7/2026,2312860929,5677524970,39761.17,UK pounds,UK pounds,UK,UK,Debit card
11:15:39,5/7/2026,6877733892,8570419342,4016.43,UK pounds,Swiss franc,UK,Switzerland,Cross-border
11:15:45,5/7/2026,6988928906,6953672776,8598.6,UK pounds,Mexican Peso,UK,Mexico,Cross-border
11:15:46,5/7/2026,4535762652,4276741351,44824.58,UK pounds,UK pounds,UK,UK,ACH
11:15:49,5/7/2026,6232885366,3079818547,6074.5,UK pounds,UK pounds,UK,UK,Cheque
11:15:51,5/7/2026,675669049,4348868412,7312.72,UK pounds,UK pounds,UK,UK,Cheque
11:15:51,5/7/2026,7526322785,8135523919,4081.01,UK pounds,UK pounds,UK,UK,Cheque
11:15:52,5/7/2026,3834666529,5858369125,9390.18,UK pounds,UK pounds,UK,UK,Debit card
11:15:56,5/7/2026,3529676195,410990902,6407.78,UK pounds,UK pounds,UK,UK,Credit card
11:15:58,5/7/2026,2946146551,4336819054,451.8,UK pounds,UK pounds,UK,UK,Credit card
11:15:58,5/7/2026,922815369,9187930371,3676.42,UK pounds,UK pounds,UK,UK,ACH
11:16:00,5/7/2026,7669236826,9544469020,7319.29,UK pounds,UK pounds,UK,UK,Debit card
11:16:02,5/7/2026,5074132271,5290760855,136.49,UK pounds,UK pounds,UK,UK,Credit card
11:16:06,5/7/2026,1224012174,3383662247,1381.34,UK pounds,UK pounds,UK,UK,Credit card
11:16:09,5/7/2026,6057444675,8861171324,10802.03,UK pounds,UK pounds,UK,UK,ACH
11:16:11,5/7/2026,1817675963,6646502650,14309.19,UK pounds,Euro,UK,France,Cross-border
11:16:14,5/7/2026,6124368301,170086039,1209.82,UK pounds,UK pounds,UK,UK,Debit card
11:16:17,5/7/2026,8465013530,2534644942,16768.39,UK pounds,Euro,UK,France,Cross-border
11:16:22,5/7/2026,396140622,9921675572,374.31,UK pounds,UK pounds,UK,UK,Cash Deposit
11:16:30,5/7/2026,4139151352,8217526210,4855.72,UK pounds,UK pounds,UK,UK,ACH
11:16:32,5/7/2026,6057444675,8237840407,7485.71,UK pounds,UK pounds,UK,UK,Credit card
11:16:34,5/7/2026,9442180171,6223365730,11926.21,UK pounds,UK pounds,UK,UK,Debit card
11:16:39,5/7/2026,9195060952,4270865741,12275.31,UK pounds,UK pounds,UK,UK,Credit card
11:16:42,5/7/2026,6413930803,6409276743,14602.96,UK pounds,UK pounds,UK,UK,ACH
11:16:44,5/7/2026,166015829,4185592767,3891.48,UK pounds,UK pounds,UK,UK,ACH
11:16:45,5/7/2026,5395048723,3013629202,287.62,UK pounds,UK pounds,UK,UK,Cash Withdrawal
11:16:48,5/7/2026,6834477393,6444220418,8166.92,UK pounds,UK pounds,UK,UK,Credit card
11:16:49,5/7/2026,3168051873,7611326985,4298.88,UK pounds,Indian rupee,UK,India,Cross-border
11:16:51,5/7/2026,4994594454,6849298455,290.4,UK pounds,UK pounds,UK,UK,Cheque
11:16:51,5/7/2026,8519589873,5775263176,11357.6,UK pounds,UK pounds,UK,UK,Debit card
11:16:57,5/7/2026,1382513766,6444220418,8530.37,UK pounds,UK pounds,UK,UK,Cheque
11:16:58,5/7/2026,3896145797,2748710907,164.42,UK pounds,UK pounds,UK,UK,ACH
11:17:06,5/7/2026,5188677620,8172080174,7895.65,UK pounds,UK pounds,UK,UK,Debit card
11:17:08,5/7/2026,8201605808,9600420260,7261.89,UK pounds,UK pounds,UK,UK,Debit card
11:17:09,5/7/2026,4059338874,1117735790,752.61,UK pounds,UK pounds,UK,UK,Cash Deposit
11:17:19,5/7/2026,852237169,5748489103,11278.46,UK pounds,UK pounds,UK,UK,Cheque
11:17:21,5/7/2026,5021785800,4135708880,7782.37,UK pounds,UK pounds,UK,UK,ACH
11:17:26,5/7/2026,4788624750,4967318432,470.71,UK pounds,UK pounds,UK,UK,Credit card
11:17:36,5/7/2026,8121014003,1316458123,6451.27,UK pounds,Mexican Peso,UK,Mexico,Cross-border
11:17:40,5/7/2026,8389148416,2392468436,15873.34,UK pounds,UK pounds,UK,UK,Credit card
11:17:42,5/7/2026,4256692934,7715749367,788.4,UK pounds,UK pounds,UK,UK,Credit card
11:17:45,5/7/2026,5264015348,6646502650,8451.63,UK pounds,Euro,UK,France,Cross-border
11:17:46,5/7/2026,2242627172,6077418943,373.49,UK pounds,UK pounds,UK,UK,Credit card
11:17:47,5/7/2026,787064572,6034997194,7061.09,UK pounds,UK pounds,UK,UK,ACH
11:17:49,5/7/2026,2484231014,1465487567,7266.37,UK pounds,UK pounds,UK,UK,Debit card
11:17:51,5/7/2026,7391973347,3339772548,118.83,UK pounds,Euro,UK,Netherlands,Cross-border
11:17:54,5/7/2026,6630041445,1316458123,12801.57,UK pounds,Mexican Peso,UK,Mexico,Cross-border
11:18:00,5/7/2026,3254720589,8804997596,5851.03,UK pounds,UK pounds,UK,UK,Cheque
11:18:04,5/7/2026,7758268667,5660302132,5083.33,UK pounds,UK pounds,UK,UK,Debit card
11:18:06,5/7/2026,7497361323,1531726841,60.08,UK pounds,UK pounds,UK,UK,Cash Withdrawal
11:18:09,5/7/2026,1706196950,3695545812,4890.95,UK pounds,UK pounds,UK,UK,Debit card
11:18:10,5/7/2026,1999169946,791543661,718.79,UK pounds,UK pounds,UK,UK,Debit card
11:18:11,5/7/2026,6086421020,8140432476,7878.22,UK pounds,UK pounds,UK,UK,ACH
11:18:12,5/7/2026,7758268667,7505089539,8475.63,UK pounds,UK pounds,UK,UK,Credit card
11:18:13,5/7/2026,6598028529,8589673226,399.25,UK pounds,UK pounds,UK,UK,ACH
11:18:14,5/7/2026,4922814117,3690749166,613.41,UK pounds,UK pounds,UK,UK,Credit card
11:18:17,5/7/2026,7036019108,5858369125,6855.15,UK pounds,UK pounds,UK,UK,Cheque
11:18:18,5/7/2026,2797271466,9982628328,7257.23,UK pounds,UK pounds,UK,UK,ACH
11:18:19,5/7/2026,6216316627,5466123934,7896.44,UK pounds,UK pounds,UK,UK,Cheque
11:18:23,5/7/2026,4373080213,5097110343,10007.41,UK pounds,UK pounds,UK,UK,Cheque
11:18:29,5/7/2026,3407919855,8953782028,944.5,UK pounds,UK pounds,UK,UK,Debit card
11:18:31,5/7/2026,9302522864,5466123934,8402.32,UK pounds,UK pounds,UK,UK,ACH
11:18:33,5/7/2026,4174231376,6562641535,2460.71,UK pounds,UK pounds,UK,UK,Credit card
11:18:34,5/7/2026,9508047658,2512444633,2931.94,UK pounds,UK pounds,UK,UK,Credit card
